{
  "types": [
    "times",
    "samples"
  ],
  "description": "This case study is based on a cyclic server polling system, taken from 'Stochastic Petri Net Models of Polling Systems' by O. Ibe and K. Trivedi in 1990. The model is represented as a CTMC. We use N to denote the number of stations handled by the polling server.<p/>For all of these examples, we set &#x3B1;=&#x3B2;=&#x3B4;=0.001. What you see here is the average of 20 runs with 95% confidence interval. All experiments were run on Ubuntu 18.04 with i7-8700 CPU 3.2GHz and 16GB memory.",
  "results": [
    {
      "params": {
        "N": "10"
      },
      "size" : {
        "States":      "15360",
        "Transitions": "89600"
      },
      "note": "<div style='max-width:740px'>This example shows that using too many strata can unnecessarily increase number of samples. When strata size is 4096, we set the minimum number of iterations to 2. However, even such a small number means that there will be at least 8192 samples. On the other hand, when 256 strata are used, minimum number of iterations is still 2, and only about 5000 samples are taken on average.</div>",
      "times": {
        "initScaleBar":0.01,
        "MTBDD"   : 16.135,
        "Sparse"  : 1.294,
        "Hybrid"  : 1.385,
        "Explicit": 1.665,
        "SPRT"      : [5.6591, 0.18914070089973262],
        "GLRT"      : [5.353849999999999, 0.16668446830369116],
        "Antithetic": [11.60365, 0.26075184083722214],

        "S-1^1"   : [9.516699999999998, 0.21531382359611506],
        "S-2^1"   : [12.0483, 0.19602866466009775],

        "S-2^4"   : [13.450949999999999, 0.3213473811035423],
        "S-4^2"   : [13.5653, 0.33743464942352763],
        "S-16^1"  : [14.744949999999998, 0.3586757550167589],

        "S-2^8"   : [9.0358, 1.4334924734992323],
        "S-4^4"   : [9.822050000000003, 1.4589788362430978],
        "S-16^2"  : [7.64895, 1.3283646187680311],
        "S-256^1" : [13.026850000000001, 1.3985408942988817],

        "S-2^12"  : [23.671850000000003, 1.6525046672041743],
        "S-4^6"   : [21.576549999999997, 1.6041476790446105],
        "S-16^3"  : [22.23675, 1.4721272414881734],
        "S-64^2"  : [26.295299999999997, 2.511962521824844],
        "S-4096^1": [22.159599999999998, 1.091982936535279]
      },
      "samples": {
        "initScaleBar":0.0001,
        "SPRT"      : [4062.45, 110.18351856406608],
        "GLRT"      : [3981.1, 130.42868388106723],
        "Antithetic": [6968.500000000001, 94.81071169773791],

        "S-1^1"   : [7180.400000000001, 112.53108108663277],
        "S-2^1"   : [6924.999999999999, 98.14130521586561],

        "S-2^4"   : [7001.6, 123.15241733208826],
        "S-4^2"   : [7027.199999999999, 134.1501436921764],
        "S-16^1"  : [7119.199999999999, 131.52245355631743],

        "S-2^8"   : [4236.799999999999, 744.3893491701065],
        "S-4^4"   : [4659.2, 750.8771908837515],
        "S-16^2"  : [3456.0, 682.5122632405107],
        "S-256^1" : [5657.599999999999, 661.5716152505813],

        "S-2^12"  : [11059.2, 944.373592443829],
        "S-4^6"   : [9830.4, 751.7494767470567],
        "S-16^3"  : [9830.4, 690.5259871629513],
        "S-64^2"  : [11673.6, 1161.378433269345],
        "S-4096^1": [9011.200000000003, 479.14815640830096]
      }
    },
    {
      "params": {
        "N": "13"
      },
      "size" : {
        "States":      "159744",
        "Transitions": "1171456"
      },
      "note": "<div style='max-width:740px'>Look at the note for the previous graph to see why going from 256 strata to 4096 strata has increased number of samples. This is also a good example to show MTBDD is not always the most efficient symbolic algorithm, as it is more than 700 times slower than the Sparse engine. In fact Sparse engine is more efficient than MTBDD in all of examples in this set. Nevertheless, examples in this set are relatively small, and all statistical methods will eventually run faster than all symbolic methods.</div>",
      "times": {
        "initScaleBar":0.01,
        "MTBDD"   : 930.179,
        "Sparse"  : 1.297,
        "Hybrid"  : 1.615,
        "Explicit": 12.071,
        "SPRT"      : [12.7387, 0.3834885169487855],
        "GLRT"      : [13.86455, 0.603799864345969],
        "Antithetic": [21.8141, 0.7466442184517125],

        "S-1^1"   : [19.242250000000002, 0.5348344499149148],
        "S-2^1"   : [22.391450000000003, 0.6821270697913294],

        "S-2^4"   : [27.10995, 0.6668313701260692],
        "S-4^2"   : [26.589000000000002, 0.6479902573991454],
        "S-16^1"  : [28.07515, 0.6340820894680833],

        "S-2^8"   : [21.542400000000004, 3.6151033627211677],
        "S-4^4"   : [16.7843, 2.74196686330701],
        "S-16^2"  : [15.855550000000001, 2.293369658815099],
        "S-256^1" : [17.585849999999997, 2.6537618574740676],

        "S-2^12"  : [20.751299999999997, 1.391090590905302],
        "S-4^6"   : [21.6299, 1.9420259428317583],
        "S-16^3"  : [26.063999999999997, 3.5949178564658255],
        "S-64^2"  : [27.01905, 2.7663372120768384],
        "S-4096^1": [24.423299999999998, 2.3281302494536367]
      },
      "samples": {
        "initScaleBar":0.0001,
        "SPRT"      : [7751.800000000001, 282.3238677756265],
        "GLRT"      : [8596.05, 382.7425785660232],
        "Antithetic": [11558.0, 313.3129929941422],

        "S-1^1"   : [11687.1, 292.21886984713507],
        "S-2^1"   : [11334.9, 186.65676211191825],

        "S-2^4"   : [11034.4, 255.17571242288392],
        "S-4^2"   : [11414.399999999998, 282.572006659132],
        "S-16^1"  : [11303.999999999998, 284.6909312145182],

        "S-2^8"   : [8230.4, 1406.7470022790355],
        "S-4^4"   : [6630.400000000001, 1109.041365086841],
        "S-16^2"  : [8127.999999999999, 1228.838595885091],
        "S-256^1" : [8460.8, 1315.6762871738545],

        "S-2^12"  : [9625.6, 682.4869938995946],
        "S-4^6"   : [10240.000000000002, 915.8934435839138],
        "S-16^3"  : [12492.8, 1794.6542748718455],
        "S-64^2"  : [12697.599999999999, 1325.5914239153385],
        "S-4096^1": [10240.000000000002, 1007.7018773844824]
      }
    },
    {
      "params": {
        "N": "17"
      },
      "size" : {
        "States":      "3342336",
        "Transitions": "31195136"
      },
      "times": {
        "initScaleBar":0.01,
        "MTBDD"   : "Terminated After 30 Minutes",
        "Sparse"  : 19.712,
        "Hybrid"  : 28.122,
        "Explicit": "Out Of Memory Error",
        "SPRT"      : [76.54660000000001, 4.126045069784713],
        "GLRT"      : [84.6754, 8.151565906202187],
        "Antithetic": [103.47465, 5.970743111766786],

        "S-1^1"   : [77.5373, 5.515680312622608],
        "S-2^1"   : [112.6747, 8.603388172568685],

        "S-2^4"   : [163.61490000000003, 12.373389281225126],
        "S-4^2"   : [214.25959999999998, 16.32918522307447],
        "S-16^1"  : [153.26295000000002, 11.538436609066558],

        "S-2^8"   : [170.18799999999996, 17.998452176433627],
        "S-4^4"   : [127.55380000000001, 18.79660495711085],
        "S-16^2"  : [171.77134999999998, 16.167715659410657],
        "S-256^1" : [140.4913, 18.357829848251903],

        "S-2^12"  : [132.16365, 17.218708498893537],
        "S-4^6"   : [114.93939999999999, 20.97509322636581],
        "S-16^3"  : [86.1897, 18.267111675602887],
        "S-64^2"  : [106.01735000000001, 16.59804009233351],
        "S-4096^1": [49.9438, 10.313425368906296]
      },
      "samples": {
        "initScaleBar":0.0001,
        "SPRT"      : [51637.7, 2921.31422398604],
        "GLRT"      : [56631.7, 5362.389115084707],
        "Antithetic": [54388.899999999994, 3129.981511547885],

        "S-1^1"   : [50793.1, 3618.9616160469363],
        "S-2^1"   : [58519.0, 4475.597346782473],

        "S-2^4"   : [54529.6, 2940.6376451375304],
        "S-4^2"   : [55188.799999999996, 4062.937465741544],
        "S-16^1"  : [50596.0, 3937.780491596757],