{
  "types": [
    "times",
    "samples"
  ],
  "description": "This case study is based on a simple tandem queueing network. The model is represented as a CTMC which consists of a M/Cox2/1-queue sequentially composed with a M/M/1-queue. We use c to denote the capacity of the queues.<p/>On all of these examples, we set &#x3B1;=&#x3B2;=0.0001 and &#x3B4;=0.0004. What you see here is the average of 20 runs with 95% confidence interval. All experiments were run on Ubuntu 18.04 with i7-8700 CPU 3.2GHz and 16GB memory.",
  "results": [
    {
      "params": {
        "c": "511"
      },
      "size" : {
        "States":      "523776",
        "Transitions": "1829379"
      },
      "times": {
        "initScaleBar":0.01,
        "MTBDD"   : 15.701,
        "Sparse"  : 4.144,
        "Hybrid"  : 5.148,
        "Explicit": 29.260,
        "SPRT"      : [27.42645, 0.30566399229253427],
        "GLRT"      : [27.6248, 0.2545483885340137],
        "Antithetic": [17.389200000000002, 0.15831954030411174],

        "S-1^1"   : [29.7014, 0.3113819570204651],
        "S-2^1"   : [21.023299999999995, 0.20307247993084418],

        "S-2^4"   : [20.55, 0.26873590048693957],
        "S-4^2"   : [16.207849999999997, 0.1933606430726628],
        "S-16^1"  : [13.60175, 0.18125168420270144],

        "S-2^8"   : [19.1831, 1.5438880053805377],
        "S-4^4"   : [14.8262, 1.2500028644177708],
        "S-16^2"  : [11.566749999999999, 0.6858084736280239],
        "S-256^1" : [10.246599999999997, 0.9845331204500729],

        "S-2^12"  : [17.99735, 2.567315324445281],
        "S-4^6"   : [14.171500000000002, 1.5838072392348228],
        "S-16^3"  : [10.683149999999998, 1.6821853287895292],
        "S-64^2"  : [12.118049999999998, 1.5241327378217424],
        "S-4096^1": [17.68655, 2.1546834063145726]
      },
      "samples": {
        "initScaleBar":0.0001,
        "SPRT"      : [54651.1, 629.152403509758],
        "GLRT"      : [55293.25, 486.4639266931146],
        "Antithetic": [30838.3, 268.5391385764251],

        "S-1^1"   : [54998.15, 508.18208648703416],
        "S-2^1"   : [37428.9, 267.5646690152927],

        "S-2^4"   : [38818.4, 423.62609133899895],
        "S-4^2"   : [30155.199999999997, 379.7663104151233],
        "S-16^1"  : [22610.4, 266.665396488203],

        "S-2^8"   : [35929.600000000006, 2933.4231973475703],
        "S-4^4"   : [27187.199999999997, 2359.3702210547626],
        "S-16^2"  : [20735.999999999996, 1266.4546452285817],
        "S-256^1" : [17049.599999999995, 1699.2693017882714],

        "S-2^12"  : [30515.199999999997, 4521.007150019376],
        "S-4^6"   : [22937.599999999995, 2697.4086964695343],
        "S-16^3"  : [15769.599999999999, 2629.024816603257],
        "S-64^2"  : [16793.600000000002, 2221.7186026753443],
        "S-4096^1": [20275.2, 2632.381376944498]
      }
    },
    {
      "params": {
        "c": "1023"
      },
      "size" : {
        "States":      "2096128",
        "Transitions": "7328771"
      },
      "times": {
        "initScaleBar":0.01,
        "MTBDD"   : 65.030,
        "Sparse"  : 25.708,
        "Hybrid"  : 35.335,
        "Explicit": "Out Of Memory Error",
        "SPRT"      : [55.393299999999996, 0.587920318177826],
        "GLRT"      : [55.316100000000006, 0.5975452676091623],
        "Antithetic": [33.25175, 0.4827833766978618],

        "S-1^1"   : [60.32435, 0.6850072272957186],
        "S-2^1"   : [41.17969999999999, 0.4084138065350153],

        "S-2^4"   : [39.34319999999999, 0.421110371830424],
        "S-4^2"   : [31.129549999999995, 0.30316350873137043],
        "S-16^1"  : [25.978649999999995, 0.3044182741851985],

        "S-2^8"   : [33.0279, 3.790322733030304],
        "S-4^4"   : [30.87345, 1.860450299870833],
        "S-16^2"  : [18.5577, 2.445864749778803],
        "S-256^1" : [22.153349999999996, 1.7864719616798976],

        "S-2^12"  : [28.78775, 4.348293231938372],
        "S-4^6"   : [20.76855, 3.0489236577718786],
        "S-16^3"  : [23.4005, 3.1581490269326733],
        "S-64^2"  : [21.707449999999994, 2.6555977278145284],
        "S-4096^1": [24.945600000000002, 2.750309280598705]
      },
      "samples": {
        "initScaleBar":0.0001,
        "SPRT"      : [56027.20000000001, 562.6445900716026],
        "GLRT"      : [55778.25, 561.9388142147263],
        "Antithetic": [30798.300000000003, 349.06613081794484],

        "S-1^1"   : [55788.40000000001, 638.0814516559527],
        "S-2^1"   : [38307.6, 349.2958510760576],

        "S-2^4"   : [38044.0, 370.59019784236335],
        "S-4^2"   : [29298.400000000005, 264.6544360601497],
        "S-16^1"  : [22622.4, 245.40413928649903],

        "S-2^8"   : [31603.199999999997, 3654.640972790624],
        "S-4^4"   : [28992.0, 1758.3732194694526],
        "S-16^2"  : [17011.2, 2274.807338979212],
        "S-256^1" : [18969.599999999995, 1544.0518780485531],

        "S-2^12"  : [25804.800000000003, 4020.937472255627],
        "S-4^6"   : [17612.799999999996, 2659.4963923744344],
        "S-16^3"  : [18432.0, 2649.517008616357],
        "S-64^2"  : [15974.4, 2056.6050799161326],
        "S-4096^1": [14745.600000000002, 1742.8594628851808]
      }
    },
    {
      "params": {
        "c": "2047"
      },
      "size" : {
        "States":      "8386560",
        "Transitions": "29337603"
      },
      "times": {
        "initScaleBar":0.01,
        "MTBDD"   : 138.995,
        "Sparse"  : 185.472,
        "Hybrid"  : 266.665,
        "Explicit": "Out Of Memory Error",
        "SPRT"      : [110.72730000000001, 1.0715613893065714],
        "GLRT"      : [110.3321, 0.7392770860780156],
        "Antithetic": [65.93195, 0.6916133178643755],

        "S-1^1"   : [121.34245, 1.169842077679944],
        "S-2^1"   : [82.39319999999998, 0.6685319840398142],

        "S-2^4"   : [81.04805000000002, 0.9097210748789694],
        "S-4^2"   : [62.270799999999994, 0.7341505926113385],
        "S-16^1"  : [51.21105, 0.60471161232355],

        "S-2^8"   : [72.66285, 5.859365669491519],
        "S-4^4"   : [49.67315, 6.503977069242852],
        "S-16^2"  : [39.2378, 3.9794703393925763],
        "S-256^1" : [44.25165, 2.3847232833789067],

        "S-2^12"  : [53.02289999999999, 8.589039335994634],
        "S-4^6"   : [53.18460000000002, 8.204207101879277],
        "S-16^3"  : [41.61449999999999, 7.148487112853431],
        "S-64^2"  : [42.62950000000001, 6.8691736645837205],
        "S-4096^1": [52.76735, 6.983478817245818]
      },
      "samples": {
        "initScaleBar":0.0001,
        "SPRT"      : [55742.25, 531.0327815978774],
        "GLRT"      : [55344.149999999994, 328.34975956327935],
        "Antithetic": [31138.600000000006, 287.32820404914156],

        "S-1^1"   : [56513.95000000001, 490.1264362923418],
        "S-2^1"   : [38629.700000000004, 275.0182874302228],

        "S-2^4"   : [39391.2, 456.84571621177815],
        "S-4^2"   : [29927.2, 328.29763132992906],
        "S-16^1"  : [23269.600000000002, 262.66911745227657],

        "S-2^8"   : [35135.99999999999, 2840.1414938807466],
        "S-4^4"   : [23628.800000000003, 3112.77362322956],
        "S-16^2"  : [18252.8, 1865.9369561189699],
        "S-256^1" : [19264.0, 1037.032852344662],

        "S-2^12"  : [24371.199999999997, 3969.8293915349486],
        "S-4^6"   : [23347.200000000004, 3640.604433332465],
        "S-16^3"  : [16793.6, 2955.161997874941],
        "S-64^2"  : [15974.400000000003, 2588.832996992233],
        "S-4096^1": [16179.199999999999, 2233.115917984979]
      }
    },
    {
      "params": {
        "c": "4095"
      },
      "size" : {
        "States":      "33550336",
        "Transitions": "117395459"
      },
      "times": {
        "initScaleBar":0.01,
        "MTBDD"   : "Terminated After 30 Minutes",
        "Sparse"  : 1409.594,
        "Hybrid"  : "Terminated After 30 Minutes",
        "Explicit": "Out Of Memory Error",
        "SPRT"      : [224.22225, 2.0043050178566286],
        "GLRT"      : [223.3992, 2.2620981615817604],