{
  "types": [
    "times",
    "samples"
  ],
  "description": "This case study is based on a cluster of workstations. The system comprises two sub-clusters with N workstations in each, connected in a star topology. The switches connecting each sub-cluster are joined by a central backbone. All components can break down and there is a single repair unit to service all components.<p/>For all of these examples, we set &#x3B1;=&#x3B2;=0.0001 and &#x3B4;=0.001. What you see here is the average of 20 runs with a 95% confidence interval. All experiments were run on Ubuntu 18.04 with i7-8700 CPU 3.2GHz and 16GB memory.",
  "results": [
    {
      "params": {
        "N": "512"
      },
      "size" : {
        "States":      "9465876",
        "Transitions": "46235680"
      },
      "times": {
        "initScaleBar":0.01,
        "MTBDD"   : "Terminated After 30 Minutes",
        "Sparse"  : 491.157,
        "Hybrid"  : 684.622,
        "Explicit": "Out Of Memory Error",
        "SPRT"      : [143.23894999999996, 4.536197802400156],
        "GLRT"      : [150.4478, 4.045835370509181],
        "Antithetic": [168.81494999999998, 4.447145947846483],

        "S-1^1"   : [156.42605, 3.664321757070756],
        "S-2^1"   : [167.38684999999998, 4.88179766192472],

        "S-2^4"   : [172.8014, 4.953219250038036],
        "S-4^2"   : [175.40315, 5.541189040779776],
        "S-16^1"  : [171.2425, 4.451423225098616],

        "S-2^8"   : [194.1116, 8.51577584573108],
        "S-4^4"   : [188.2027, 7.136094315483343],
        "S-16^2"  : [198.25845000000004, 7.032291010412721],
        "S-256^1" : [192.47195, 7.549859273514205],

        "S-2^12"  : [172.68384999999998, 23.05638939292728],
        "S-4^6"   : [147.9924, 25.471385979627374],
        "S-16^3"  : [129.5762, 16.701487087209046],
        "S-64^2"  : [119.35495, 24.519445345048403],
        "S-4096^1": [131.2412, 18.458021146231705]
      },
      "samples": {
        "initScaleBar":0.0001,
        "SPRT"      : [48306.4, 1556.9897413717413],
        "GLRT"      : [50015.1, 1305.6893942322292],
        "Antithetic": [53054.00000000001, 1402.2414237663627],

        "S-1^1"   : [52653.84999999999, 1135.7055128745676],
        "S-2^1"   : [52563.1, 1509.572665045519],

        "S-2^4"   : [53176.8, 1503.3210001439093],
        "S-4^2"   : [53209.6, 1645.5877695730546],
        "S-16^1"  : [50874.40000000001, 1311.3930688594598],

        "S-2^8"   : [56524.8, 2492.869724043483],
        "S-4^4"   : [52940.799999999996, 1985.9744335026862],
        "S-16^2"  : [54617.599999999984, 1996.9446641254108],
        "S-256^1" : [51481.600000000006, 2029.8904590616394],

        "S-2^12"  : [47718.399999999994, 6382.092673789853],
        "S-4^6"   : [39936.0, 6865.986413588287],
        "S-16^3"  : [33792.0, 4366.005945459703],
        "S-64^2"  : [29900.800000000003, 6176.966992746009],
        "S-4096^1": [29286.4, 4109.720178974924]
      }
    },
    {
      "params": {
        "N": "2048"
      },
      "size" : {
        "States":      "151109652",
        "Transitions": "738590752"
      },
      "times": {
        "initScaleBar":0.01,
        "MTBDD"   : "Out Of Memory Error",
        "Sparse"  : "Terminated After 30 Minutes",
        "Hybrid"  : "Terminated After 30 Minutes",
        "Explicit": "Out Of Memory Error",
        "SPRT"      : [261.202, 7.5484323775135405],
        "GLRT"      : [267.44190000000003, 7.406286781085664],
        "Antithetic": [302.7015, 8.476874045710606],

        "S-1^1"   : [283.21815, 6.635277113665381],
        "S-2^1"   : [310.1015, 10.439453500643854],

        "S-2^4"   : [304.63809999999995, 6.761273510492252],
        "S-4^2"   : [307.36325, 10.055120806642964],
        "S-16^1"  : [308.97119999999995, 9.041874120359177],

        "S-2^8"   : [285.04495, 10.302579135055401],
        "S-4^4"   : [331.85715, 10.183230558199462],
        "S-16^2"  : [317.065, 21.570793197601336],
        "S-256^1" : [308.8867, 11.80040279332603],

        "S-2^12"  : [216.88965, 34.91383893712868],
        "S-4^6"   : [293.89810000000006, 43.77615180028481],
        "S-16^3"  : [258.4653, 40.56924310627838],
        "S-64^2"  : [194.21675000000002, 35.54349369959327],
        "S-4096^1": [283.6964, 41.88828281791561]
      },
      "samples": {
        "initScaleBar":0.0001,
        "SPRT"      : [46061.85, 1329.121344654351],
        "GLRT"      : [46861.05, 1312.76247395571],
        "Antithetic": [50439.6, 1429.4752338570004],

        "S-1^1"   : [50196.500000000015, 1093.2465954308077],
        "S-2^1"   : [51513.3, 1770.559003461009],

        "S-2^4"   : [50072.8, 1143.6253932123054],
        "S-4^2"   : [50091.200000000004, 1668.0723851515745],
        "S-16^1"  : [49156.8, 1419.5256020011905],

        "S-2^8"   : [45491.200000000004, 1670.062478503503],
        "S-4^4"   : [51788.799999999996, 1583.664653497338],
        "S-16^2"  : [47769.600000000006, 3228.5927636795896],
        "S-256^1" : [45491.2, 1782.2628691460873],

        "S-2^12"  : [33177.6, 5356.215021822779],
        "S-4^6"   : [44441.6, 6653.055867082909],
        "S-16^3"  : [37273.59999999999, 5875.109734428706],
        "S-64^2"  : [27033.600000000002, 5046.389587146751],
        "S-4096^1": [35430.40000000001, 5251.117738859835]
      }
    },
    {
      "params": {
        "N": "4096"
      },
      "size" : {
        "States":      "604209172",
        "Transitions": "2953576480"
      },
      "times": {
        "initScaleBar":0.01,
        "MTBDD"   : "Out Of Memory Error",
        "Sparse"  : "Out Of Memory Error",
        "Hybrid"  : "Terminated After 30 Minutes",
        "Explicit": "Out Of Memory Error",
        "SPRT"      : [418.80140000000006, 12.832689602893485],
        "GLRT"      : [429.33810000000005, 11.406198326464063],
        "Antithetic": [477.82385000000005, 14.452635237629632],

        "S-1^1"   : [436.54295, 13.310332295364613],
        "S-2^1"   : [495.55875000000003, 17.46166928519888],

        "S-2^4"   : [461.34505, 9.777320759496385],
        "S-4^2"   : [482.62284999999997, 10.668429976305891],
        "S-16^1"  : [506.19274999999993, 13.362741985771091],

        "S-2^8"   : [454.19185000000004, 31.37544836830182],
        "S-4^4"   : [509.88344999999987, 24.968182817598606],
        "S-16^2"  : [534.3987999999998, 16.83331164741351],
        "S-256^1" : [495.8681, 14.007247942611336],

        "S-2^12"  : [364.9534, 51.9838465912046],
        "S-4^6"   : [402.0485499999999, 65.51262643553109],
        "S-16^3"  : [287.9257, 57.44182264706018],
        "S-64^2"  : [439.187, 70.47639707758081],
        "S-4096^1": [433.54075, 75.25139298206678]
      },
      "samples": {
        "initScaleBar":0.0001,
        "SPRT"      : [45731.149999999994, 1390.2405249584842],
        "GLRT"      : [46205.70000000001, 1180.5885042282046],
        "Antithetic": [49173.700000000004, 1500.5638678773212],

        "S-1^1"   : [47731.45, 1408.224865183488],
        "S-2^1"   : [50855.5, 1836.4584215850155],

        "S-2^4"   : [47472.00000000001, 965.8495469628913],
        "S-4^2"   : [49255.99999999999, 1087.0438523086848],
        "S-16^1"  : [50105.6, 1342.113161751783],

        "S-2^8"   : [45388.8, 3139.7497667640228],
        "S-4^4"   : [49971.20000000001, 2514.8421333732804],
        "S-16^2"  : [50777.600000000006, 1591.8302580760037],
        "S-256^1" : [46054.4, 1278.7733069337644],

        "S-2^12"  : [35430.399999999994, 5088.861946188796],
        "S-4^6"   : [38092.8, 6184.110474944298],
        "S-16^3"  : [26214.399999999998, 5268.954110936809],
        "S-64^2"  : [38297.6, 6178.217698367471],
        "S-4096^1": [34201.6, 6004.260707548476]
      }
    },
    {
      "params": {
        "N": "8192"
      },
      "size" : {
        "States":      "2416377876",
        "Transitions": "11812732960"
      },
      "times": {
        "initScaleBar":0.01,
        "MTBDD"   : "Terminated After 30 Minutes",
        "Sparse"  : "Terminated After 30 Minutes",