{
  "types": [
    "times",
    "samples"
  ],
  "description": "This case study is based on the flexible manufacturing system that is presented in a paper titled 'A Decomposition Approach for Stochastic Reward Net Models', authored by G. Ciardo and K. Trivedi in 1993. The model is represented as a CTMC. We use n to denote the number of tokens in the system.<p/>For all of these examples, we set &#x3B1;=&#x3B2;=&#x3B4;=0.0001. What you see here is the average of 20 runs with 95% confidence interval. All experiments were run on Ubuntu 18.04 with i7-8700 CPU 3.2GHz and 16GB memory.",
  "results": [
    {
      "params": {
        "n": "7"
      },
      "size" : {
        "States":      "1639440",
        "Transitions": "13552968"
      },
      "note": "<div style='max-width:740px'>This example shows that MTBDD is not always the best choice for symbolic model checking. We even increased memory to 4 GB. But only 17 out of 202 iterations have been taken after 30 minutes.</div>",
      "times": {
        "initScaleBar":0.01,
        "MTBDD"   : "Out Of Memory Error",
        "Sparse"  : 14.826,
        "Hybrid"  : 12.594,
        "Explicit": "Out Of Memory Error",
        "SPRT"      : [27.317300000000003, 0.44258865362296573],
        "GLRT"      : [26.871850000000002, 0.46630060484514435],
        "Antithetic": [21.5698, 0.26816173046169445],

        "S-1^1"   : [27.679399999999998, 0.5419221608506638],
        "S-2^1"   : [23.3753, 0.48189478050056134],

        "S-2^4"   : [26.6728, 0.2533556227498166],
        "S-4^2"   : [21.38895, 0.3428623359999876],
        "S-16^1"  : [19.726300000000002, 0.2928539702560593],

        "S-2^8"   : [30.452, 1.6568431825549899],
        "S-4^4"   : [25.606550000000006, 0.398657902910041],
        "S-16^2"  : [19.64345, 1.1777182946050253],
        "S-256^1" : [21.95245, 0.41017890496580545],

        "S-2^12"  : [31.9682, 3.4823731764416053],
        "S-4^6"   : [22.178000000000004, 2.753730998214298],
        "S-16^3"  : [18.536300000000004, 2.5191230879227122],
        "S-64^2"  : [18.153649999999995, 2.4815076394412454],
        "S-4096^1": [22.11685, 2.2445862674385415]
      },
      "samples": {
        "initScaleBar":0.00001,
        "SPRT"      : [208727.2, 903.655994164523],
        "GLRT"      : [208931.2, 858.8802489900818],
        "Antithetic": [148463.50000000003, 592.5767083367001],

        "S-1^1"   : [206351.15000000002, 958.9502244779521],
        "S-2^1"   : [160934.8, 640.2610224292162],

        "S-2^4"   : [157270.40000000005, 647.7846555762153],
        "S-4^2"   : [136078.39999999997, 758.5390056931132],
        "S-16^1"  : [121252.8, 631.4813061366109],

        "S-2^8"   : [150118.4, 8022.615142077721],
        "S-4^4"   : [129856.0, 1451.826986937493],
        "S-16^2"  : [112601.6, 6295.7614774586755],
        "S-256^1" : [115712.0, 1618.020623120146],

        "S-2^12"  : [132915.2, 15153.379122475411],
        "S-4^6"   : [98713.6, 12648.827212204715],
        "S-16^3"  : [92774.4, 13250.167653835058],
        "S-64^2"  : [88883.20000000001, 12516.191388420799],
        "S-4096^1": [100556.8, 11191.646665352926]
      }
    },
    {
      "params": {
        "n": "10"
      },
      "size" : {
        "States":      "25397658",
        "Transitions": "234523289"
      },
      "note": "<div style='max-width:740px'>This example also shows that MTBDD is not always the best choice for symbolic model checking (we did not try to see what will happen in this case if we increase the memory).</div>",
      "times": {
        "initScaleBar":0.01,
        "MTBDD"   : "Out Of Memory Error",
        "Sparse"  : 273.275,
        "Hybrid"  : 453.042,
        "Explicit": "Out Of Memory Error",
        "SPRT"      : [46.68785, 0.7202392339208881],
        "GLRT"      : [47.99775, 0.5107550080904483],
        "Antithetic": [35.706399999999995, 0.4775945891432896],

        "S-1^1"   : [46.9785, 1.2505676216485815],
        "S-2^1"   : [29.781250000000004, 0.3736738225483488],

        "S-2^4"   : [38.20775000000001, 0.9486054969352592],
        "S-4^2"   : [36.230199999999996, 0.6828270398247199],
        "S-16^1"  : [38.630250000000004, 0.32948484411274503],

        "S-2^8"   : [63.3691, 0.9665055474015114],
        "S-4^4"   : [46.922799999999995, 2.5683424939668367],
        "S-16^2"  : [41.25110000000001, 2.1794915195256457],
        "S-256^1" : [43.179449999999996, 2.304874037516105],

        "S-2^12"  : [56.564449999999994, 6.5424164964504],
        "S-4^6"   : [40.14345, 4.170075808016596],
        "S-16^3"  : [25.1677, 4.064271044305356],
        "S-64^2"  : [36.0073, 3.630576909426814],
        "S-4096^1": [36.78725, 3.929125349887883]
      },
      "samples": {
        "initScaleBar":0.00001,
        "SPRT"      : [268575.19999999995, 990.6643321263613],
        "GLRT"      : [270443.20000000007, 1352.600473162715],
        "Antithetic": [193104.69999999998, 1279.9488663717434],

        "S-1^1"   : [265070.94999999995, 1395.082577210698],
        "S-2^1"   : [207090.1, 1347.9284259852047],

        "S-2^4"   : [205427.99999999997, 1478.2949495600444],
        "S-4^2"   : [175009.60000000003, 1033.122457713306],
        "S-16^1"  : [158926.4, 936.3212404208077],

        "S-2^8"   : [204262.39999999997, 2719.6627407011138],
        "S-4^4"   : [166092.80000000002, 9082.971596286501],
        "S-16^2"  : [146547.2, 7937.618306984055],
        "S-256^1" : [148275.19999999998, 7930.360780802108],

        "S-2^12"  : [162406.40000000002, 18650.53513531674],
        "S-4^6"   : [151552.0, 16480.725012156345],
        "S-16^3"  : [100556.79999999999, 16863.321252694524],
        "S-64^2"  : [141516.80000000005, 14519.530181176842],
        "S-4096^1": [131481.6, 14010.160494666567]
      }
    },
    {
      "params": {
        "n": "14"
      },
      "size" : {
        "States":      "403259040",
        "Transitions": "4047471180"
      },
      "times": {
        "initScaleBar":0.01,
        "MTBDD"   : "Out Of Memory Error",
        "Sparse"  : "Out Of Memory Error",
        "Hybrid"  : "Out Of Memory Error",
        "Explicit": "Out Of Memory Error",
        "SPRT"      : [18.30985, 0.25078200089656394],
        "GLRT"      : [17.866649999999996, 0.25286208301427043],
        "Antithetic": [13.39185, 0.13858532000559307],

        "S-1^1"   : [15.502850000000004, 0.4237444815663034],
        "S-2^1"   : [12.79725, 0.33774773266604263],

        "S-2^4"   : [14.60065, 0.14598338541008515],
        "S-4^2"   : [12.408850000000001, 0.1464715757408242],
        "S-16^1"  : [12.422550000000001, 0.20916662301670064],

        "S-2^8"   : [14.498700000000001, 0.5691120327224456],
        "S-4^4"   : [13.734199999999998, 0.35293241935472425],
        "S-16^2"  : [11.934949999999999, 0.692378180335908],
        "S-256^1" : [12.617349999999997, 0.8056316654617893],

        "S-2^12"  : [12.226000000000003, 1.9461903582451323],
        "S-4^6"   : [10.22045, 1.604850838248314],
        "S-16^3"  : [10.25745, 1.4293297830856913],
        "S-64^2"  : [9.50475, 1.3144736566698272],
        "S-4096^1": [10.9594, 1.5983566468489803]
      },
      "samples": {
        "initScaleBar":0.0001,
        "SPRT"      : [71238.80000000002, 198.23948302893413],
        "GLRT"      : [71434.40000000001, 163.93060791239168],
        "Antithetic": [46895.09999999999, 175.6536349572199],

        "S-1^1"   : [63296.65, 241.42306473121073],
        "S-2^1"   : [51005.2, 192.2338707216591],

        "S-2^4"   : [49267.99999999999, 378.98634887232976],
        "S-4^2"   : [42657.6, 214.90372875215297],
        "S-16^1"  : [40040.8, 330.11686606890873],

        "S-2^8"   : [48281.6, 1508.5147913724525],
        "S-4^4"   : [41689.6, 966.3386526363041],
        "S-16^2"  : [36684.8, 2054.566315615818],
        "S-256^1" : [36659.200000000004, 2155.142639802465],

        "S-2^12"  : [32153.600000000002, 5663.708633600055],
        "S-4^6"   : [26419.2, 4665.192675887877],