{
  "types": [
    "times",
    "samples"
  ],
  "description": "This case study describes a simple peer-to-peer protocol based on BitTorrent. The model comprises a set of clients trying to download a file that has been partitioned into K blocks. Initially, there is one client that has already obtained all of the blocks and N additional clients with no blocks. Each client can download a block from any of the others but they can only attempt four concurrent downloads for each block.<p/>On all of these examples, we set &#x3B1;=&#x3B2;=&#x3B4;=0.0001. What you see here is the average of 20 runs with 95% confidence interval. All experiments were run on MacOS Mojave with i7 CPU 3.5GHz and 32GB memory.",
  "results": [
    {
      "params": {
        "N": "5",
        "K": "5"
      },
      "size" : {
        "States":      "33554432",
        "Transitions": "419430401"
      },
      "times": {
        "initScaleBar":0.01,
        "MTBDD"   : 126.078,
        "Sparse"  : 157.703,
        "Hybrid"  : 294.860,
        "Explicit": "Out Of Memory Error",
        "SPRT"      : [12.211199999999998, 0.18420250012589837],
        "GLRT"      : [12.12615, 0.17983772326885797],
        "Antithetic": [7.7037, 0.15082667117205134],

        "S-1^1"   : [7.5606, 0.08911309786179757],
        "S-2^1"   : [6.44375, 0.5210957325674429],

        "S-2^4"   : [5.25695, 0.08620277425624821],
        "S-4^2"   : [4.867100000000001, 0.050264086792188245],
        "S-16^1"  : [5.62185, 0.1662218124105638],

        "S-2^8"   : [4.9637, 0.41917135737321704],
        "S-4^4"   : [4.271800000000002, 0.3352294626544316],
        "S-16^2"  : [4.23715, 0.25758097628145066],
        "S-256^1" : [4.258800000000001, 0.47321747865570557],

        "S-2^12"  : [5.547899999999999, 0.735818773812368],
        "S-4^6"   : [4.1569, 0.5080646762599796],
        "S-16^3"  : [4.844550000000001, 0.47737216241352864],
        "S-64^2"  : [5.059549999999999, 0.6369873107676065],
        "S-4096^1": [6.706649999999999, 0.6295089242083028]
      },
      "samples": {
        "initScaleBar":0.0001,
        "SPRT"      : [74973.5, 208.24615368912785],
        "GLRT"      : [75250.50000000001, 260.92293175531654],
        "Antithetic": [34558.100000000006, 315.0024720036669],

        "S-1^1"   : [36765.00000000001, 335.9792365138375],
        "S-2^1"   : [30871.399999999998, 2359.028257120872],

        "S-2^4"   : [33757.6, 403.9773208850635],
        "S-4^2"   : [30851.999999999996, 249.06088877178098],
        "S-16^1"  : [24170.4, 251.66668014406844],

        "S-2^8"   : [30668.799999999996, 2625.4931823423794],
        "S-4^4"   : [26099.200000000004, 2126.0475728697284],
        "S-16^2"  : [23923.199999999997, 1506.3496092418777],
        "S-256^1" : [16243.2, 1845.245648459276],

        "S-2^12"  : [26828.799999999996, 3936.3234099052916],
        "S-4^6"   : [17203.199999999997, 2684.282542191822],
        "S-16^3"  : [18022.4, 2151.0415083224952],
        "S-64^2"  : [18636.8, 2763.302518440761],
        "S-4096^1": [14745.6, 2211.7601545042426]
      }
    },
    {
      "params": {
        "N": "4",
        "K": "8"
      },
      "size" : {
        "States":      "4294967296",
        "Transitions": "68719476737"
      },
      "times": {
        "initScaleBar":0.01,
        "MTBDD"   : "Terminated After 30 Minutes",
        "Sparse"  : "Too Many States (> 2^31 - 1)",
        "Hybrid"  : "Too Many States (> 2^31 - 1)",
        "Explicit": "Out Of Memory Error",
        "SPRT"      : [52.32424999999999, 1.1701988649595567],
        "GLRT"      : [54.57125, 0.8994531492874758],
        "Antithetic": [54.99174999999999, 0.5868921620437789],

        "S-1^1"   : [51.76509999999999, 1.1514990753475725],
        "S-2^1"   : [47.17200000000001, 0.8228165972023045],

        "S-2^4"   : [47.5394, 0.7071064067920158],
        "S-4^2"   : [40.761149999999994, 0.42814350935785955],
        "S-16^1"  : [37.765, 0.673497341064575],

        "S-2^8"   : [42.92135, 2.264230560924907],
        "S-4^4"   : [36.37535, 2.821779543288429],
        "S-16^2"  : [41.059650000000005, 2.498396955813025],
        "S-256^1" : [45.227149999999995, 2.7005204043070936],

        "S-2^12"  : [65.89059999999999, 7.658115041678269],
        "S-4^6"   : [48.737700000000004, 5.26733515721385],
        "S-16^3"  : [41.56484999999999, 5.044684378669764],
        "S-64^2"  : [32.13575, 4.511362940792131],
        "S-4096^1": [42.068349999999995, 4.104357786339962]
      },
      "samples": {
        "initScaleBar":0.00001,
        "SPRT"      : [230722.19999999998, 1196.5580475065258],
        "GLRT"      : [229814.85, 1795.4411395692957],
        "Antithetic": [242709.0, 1314.5726101545033],

        "S-1^1"   : [266710.95, 1868.8228288572177],
        "S-2^1"   : [237500.7, 1867.334065199002],

        "S-2^4"   : [235707.19999999998, 1792.8182718249707],
        "S-4^2"   : [207219.2, 1670.4678348799237],
        "S-16^1"  : [177677.6, 1292.2953027360595],

        "S-2^8"   : [220275.2, 11810.606906639383],
        "S-4^4"   : [181836.80000000002, 14143.30770394327],
        "S-16^2"  : [163788.8, 8811.983542044502],
        "S-256^1" : [158630.40000000002, 8645.11648894151],

        "S-2^12"  : [214016.0, 24983.78871778131],
        "S-4^6"   : [165068.80000000002, 18124.2671345992866],
        "S-16^3"  : [134348.8, 17578.92654551556],
        "S-64^2"  : [104652.79999999999, 15964.931066757408],
        "S-4096^1": [132915.19999999998, 15089.144237462488]
      }
    },
    {
      "params": {
        "N": "5",
        "K": "7"
      },
      "size" : {
        "States":      "34359738368",
        "Transitions": "601295421441"
      },
      "times": {
        "initScaleBar":0.01,
        "MTBDD"   : "Terminated After 30 Minutes",
        "Sparse"  : "Too Many States (> 2^31 - 1)",
        "Hybrid"  : "Too Many States (> 2^31 - 1)",
        "Explicit": "Out Of Memory Error",
        "SPRT"      : [26.5225, 0.22186333512701964],
        "GLRT"      : [33.10339999999999, 0.7236789321529992],
        "Antithetic": [21.490450000000003, 0.5021340168929533],

        "S-1^1"   : [20.74545, 0.5458206205965663],
        "S-2^1"   : [18.53515, 0.23150406697575704],

        "S-2^4"   : [15.128850000000002, 0.8287631916073239],
        "S-4^2"   : [14.350950000000001, 0.18439704694233208],
        "S-16^1"  : [12.46875, 0.1750212299152667],

        "S-2^8"   : [16.353049999999996, 0.33786987120549977],
        "S-4^4"   : [15.146900000000002, 0.8807723880059387],
        "S-16^2"  : [11.5471, 0.4447913756973451],
        "S-256^1" : [10.0873, 0.9565691602916397],

        "S-2^12"  : [13.8423, 1.9138104496967354],
        "S-4^6"   : [12.074799999999998, 1.7716071852832862],
        "S-16^3"  : [9.483950000000002, 1.5529485308090882],
        "S-64^2"  : [9.91465, 1.3466060754727047],
        "S-4096^1": [11.577149999999998, 1.257109132044001]
      },
      "samples": {
        "initScaleBar":0.0001,
        "SPRT"      : [111303.0, 485.8277797521948],
        "GLRT"      : [111405.50000000003, 596.0256418892341],
        "Antithetic": [67501.9, 490.5736379082418],

        "S-1^1"   : [73143.90000000001, 784.9288298277346],
        "S-2^1"   : [67659.79999999999, 623.9468246573576],

        "S-2^4"   : [62931.200000000004, 3361.755851994766],
        "S-4^2"   : [59009.600000000006, 465.1975833760827],
        "S-16^1"  : [44680.8, 269.3580047758787],

        "S-2^8"   : [66048.00000000001, 1289.263322905555],
        "S-4^4"   : [55155.200000000004, 3003.3867423644465],
        "S-16^2"  : [42931.200000000004, 1569.0040179747957],
        "S-256^1" : [31820.799999999996, 3171.4485430245636],

        "S-2^12"  : [48128.00000000001, 7081.243399588136],
        "S-4^6"   : [38911.99999999999, 6348.973851609491],
        "S-16^3"  : [25395.200000000004, 4618.826112883297],
        "S-64^2"  : [25395.2, 4198.202819503152],