{
  "types": [
    "times",
    "samples"
  ],
  "description": "This case study is based on a cyclic server polling system, taken from 'Stochastic Petri Net Models of Polling Systems' by O. Ibe and K. Trivedi in 1990. The model is represented as a CTMC. We use N to denote the number of stations handled by the polling server.<p/>On all of these examples, we set &#x3B1;=&#x3B2;=&#x3B4;=0.001. What you see here is the average of 20 runs with 95% confidence interval. All experiments were run on Ubuntu 18.04 with i7-8700 CPU 3.2GHz and 16GB memory.",
  "results": [
    {
      "params": {
        "N": "10"
      },
      "size" : {
        "States":      "15360",
        "Transitions": "89600"
      },
      "times": {
        "initScaleBar":0.01,
        "MTBDD"   : 53.627,
        "Sparse"  : 1.270,
        "Hybrid"  : 1.291,
        "Explicit": 2.898,
        "SPRT"      : [80.3283, 1.3177304214763395],
        "GLRT"      : [83.17694999999999, 0.5522560832144524],
        "Antithetic": [124.14365, 0.6003057741684645],

        "S-1^1"   : [84.93145000000001, 0.4602771331948882],
        "S-2^1"   : [124.7953, 1.1695948266049452],

        "S-2^4"   : [275.72800000000007, 3.7567513982723226],
        "S-4^2"   : [279.27525, 2.9583720966943954],
        "S-16^1"  : [284.52885, 3.3261157868846323],

        "S-2^8"   : [458.91724999999997, 38.262846605378314],
        "S-4^4"   : [424.55385000000007, 41.775723535532414],
        "S-16^2"  : [523.04195, 17.82362221861689],
        "S-256^1" : [458.76520000000005, 45.901296417685316],

        "S-2^12"  : [546.9644499999999, 99.7585291800966],
        "S-4^6"   : [471.3135, 91.75103063045124],
        "S-16^3"  : [473.09919999999994, 56.545760062774306],
        "S-64^2"  : [549.0807, 76.8667188329767],
        "S-4096^1": [374.5993, 61.37185869967731]
      },
      "samples": {
        "initScaleBar":0.0001,
        "SPRT"      : [30696.349999999995, 505.6989081043133],
        "GLRT"      : [31632.850000000002, 234.5750387739273],
        "Antithetic": [31047.9, 143.103751467984],

        "S-1^1"   : [31448.5, 195.35187550458252],
        "S-2^1"   : [31081.2, 259.9939027625151],

        "S-2^4"   : [31254.399999999994, 359.3892362855276],
        "S-4^2"   : [31397.6, 301.66253714339405],
        "S-16^1"  : [31628.8, 348.97764669780344],

        "S-2^8"   : [28876.8, 2384.3830423469253],
        "S-4^4"   : [26675.199999999997, 2621.2857849375737],
        "S-16^2"  : [32102.4, 1002.6231868138908],
        "S-256^1" : [27200.0, 2722.3232183675686],

        "S-2^12"  : [23756.8, 4291.808144041758],
        "S-4^6"   : [20480.0, 4019.839305507779],
        "S-16^3"  : [19660.800000000003, 2332.2414174938417],
        "S-64^2"  : [22323.199999999997, 3094.9096624857034],
        "S-4096^1": [14336.000000000002, 2423.2262791576027]
      }
    },
    {
      "params": {
        "N": "13"
      },
      "size" : {
        "States":      "159744",
        "Transitions": "1171456"
      },
      "times": {
        "initScaleBar":0.01,
        "MTBDD"   : 1035.055,
        "Sparse"  : 8.011,
        "Hybrid"  : 9.007,
        "Explicit": 50.557,
        "SPRT"      : [129.27839999999998, 1.3241808617922401],
        "GLRT"      : [130.77550000000002, 0.6731989519802941],
        "Antithetic": [195.88219999999995, 1.3774359887696779],

        "S-1^1"   : [135.1875, 1.0363063825052183],
        "S-2^1"   : [198.22335, 1.3573746530769568],

        "S-2^4"   : [437.02595, 5.049522754142737],
        "S-4^2"   : [441.4417, 3.856292031486369],
        "S-16^1"  : [444.06455000000005, 4.631558797773902],

        "S-2^8"   : [619.3337, 73.1095383201449],
        "S-4^4"   : [748.2225, 41.10956187174515],
        "S-16^2"  : [689.7869000000001, 71.3618191001212],
        "S-256^1" : [774.5399000000001, 46.05449019773379],

        "S-2^12"  : [718.2221500000002, 133.61810128940485],
        "S-4^6"   : [967.9197, 163.62805283263785],
        "S-16^3"  : [812.7321499999999, 160.164697889363],
        "S-64^2"  : [906.2703499999999, 144.22667333140413],
        "S-4096^1": [794.15175, 111.11871978644413]
      },
      "samples": {
        "initScaleBar":0.00001,
        "SPRT"      : [31319.500000000004, 237.12837407082625],
        "GLRT"      : [31729.0, 146.78697418188617],
        "Antithetic": [31399.8, 180.73713974778562],

        "S-1^1"   : [32020.999999999996, 207.10579549185917],
        "S-2^1"   : [31474.3, 188.2473890222231],

        "S-2^4"   : [31512.0, 355.340133571084],
        "S-4^2"   : [31522.4, 264.5271292424714],
        "S-16^1"  : [31607.200000000004, 310.87727820679197],

        "S-2^8"   : [25088.0, 2956.2472939789554],
        "S-4^4"   : [30054.399999999994, 1655.6773242710256],
        "S-16^2"  : [26995.199999999997, 2776.556680115631],
        "S-256^1" : [29465.600000000002, 1755.2342749616075],

        "S-2^12"  : [19660.8, 3706.7043168604073],
        "S-4^6"   : [25804.799999999996, 4428.5079307405085],
        "S-16^3"  : [21708.8, 4245.263481749241],
        "S-64^2"  : [23142.399999999998, 3702.831217211756],
        "S-4096^1": [19251.2, 2659.496392374434]
      }
    },
    {
      "params": {
        "N": "17"
      },
      "size" : {
        "States":      "3342336",
        "Transitions": "31195136"
      },
      "times": {
        "initScaleBar":0.01,
        "MTBDD"   : "Terminated After 30 Minutes",
        "Sparse"  : 208.921,
        "Hybrid"  : 261.563,
        "Explicit": "Out Of Memory Error",
        "SPRT"      : [211.22305, 2.1649471835966723],
        "GLRT"      : [210.90225, 1.644753635166902],
        "Antithetic": [318.57215, 2.2330551779486236],

        "S-1^1"   : [213.33520000000001, 1.862927792764023],
        "S-2^1"   : [316.9935500000001, 5.8279128833729335],

        "S-2^4"   : [703.1983500000001, 8.266164245784703],
        "S-4^2"   : [713.1631500000001, 7.336068780984957],
        "S-16^1"  : [712.0040500000001, 6.8216711837600394],

        "S-2^8"   : [1148.6698500000002, 99.34195574463926],
        "S-4^4"   : [1226.8180000000002, 45.35607187518962],
        "S-16^2"  : [1052.4005, 95.51942697046394],
        "S-256^1" : [1187.4594000000002, 97.86954017072124],

        "S-2^12"  : [1137.3061999999998, 183.24005934200375],
        "S-4^6"   : [1462.5989499999998, 176.68305701963195],
        "S-16^3"  : [1272.9692, 218.382411677418],
        "S-64^2"  : [1781.3913, 230.03266077494416],
        "S-4096^1": [1214.3465999999999, 186.51344567968115]
      },
      "samples": {
        "initScaleBar":0.0001,
        "SPRT"      : [31916.500000000004, 278.70401674064277],
        "GLRT"      : [31746.25, 219.3785586006166],
        "Antithetic": [31829.0, 193.27343597254014],

        "S-1^1"   : [31731.85, 244.0187037158379],
        "S-2^1"   : [31585.600000000002, 581.8720351272759],

        "S-2^4"   : [32103.2, 327.6978839692051],
        "S-4^2"   : [32258.4, 347.82069185747207],
        "S-16^1"  : [31772.799999999996, 265.6309430294913],

        "S-2^8"   : [29030.399999999998, 2464.46759746347],
        "S-4^4"   : [31104.0, 1128.09824133595],
        "S-16^2"  : [26547.2, 2429.133379796611],
        "S-256^1" : [28915.2, 2385.4587130317195],

        "S-2^12"  : [19456.0, 3320.6331419110265],
        "S-4^6"   : [24780.8, 2918.7072783754975],
        "S-16^3"  : [21094.4, 3630.585655525189],
        "S-64^2"  : [29081.600000000002, 3626.0225145177287],
        "S-4096^1": [19046.399999999998, 2885.2365025746976]
      }
    },
    {
      "params": {
        "N": "20"
      },
      "size" : {
        "States":      "31457280",
        "Transitions": "340787200"
      },
      "times": {
        "initScaleBar":0.01,
        "MTBDD"   : "Out Of Memory Error",
        "Sparse"  : "Terminated After 30 Minutes",
        "Hybrid"  : "Terminated After 30 Minutes",
        "Explicit": "Out Of Memory Error",
        "SPRT"      : [292.62904999999995, 2.653607457658747],
        "GLRT"      : [289.49705, 2.672334124117165],