{
  "types": [
    "times",
    "samples"
  ],
  "description": "This case study describes a simple peer-to-peer protocol based on BitTorrent. The model comprises a set of clients trying to download a file that has been partitioned into K blocks. Initially, there is one client that has already obtained all of the blocks and N additional clients with no blocks. Each client can download a block from any of the others but they can only attempt four concurrent downloads for each block.<p/>For all of these examples, we set &#x3B1;=&#x3B2;=&#x3B4;=0.0001. What you see here is the average of 20 runs with 95% confidence interval. All experiments were run on MacOS Mojave with i7 CPU 3.5GHz and 32GB memory.",
  "results": [
    {
      "params": {
        "N": "5",
        "K": "5"
      },
      "size" : {
        "States":      "33554432",
        "Transitions": "419430401"
      },
      "times": {
        "initScaleBar":0.01,
        "MTBDD"   : 129.994,
        "Sparse"  : 152.559,
        "Hybrid"  : 276.744,
        "Explicit": "Out Of Memory Error",
        "SPRT"      : [9.685049999999999, 0.05404883147867798],
        "GLRT"      : [9.890349999999998, 0.07881501576810282],
        "Antithetic": [6.9718, 0.1586464059008686],

        "S-1^1"   : [6.143399999999999, 0.3798844865980904],
        "S-2^1"   : [6.7722500000000005, 0.13579496686665446],

        "S-2^4"   : [4.2897, 0.2265682086213658],
        "S-4^2"   : [4.424200000000001, 0.050546674626423004],
        "S-16^1"  : [5.1075, 0.2980419389421916],

        "S-2^8"   : [4.51145, 0.26324188871394355],
        "S-4^4"   : [4.35635, 0.2634096996475663],
        "S-16^2"  : [3.6317000000000004, 0.33564999862795675],
        "S-256^1" : [4.230000000000001, 0.43946856662636474],

        "S-2^12"  : [4.985149999999999, 0.6190263419061294],
        "S-4^6"   : [4.7602, 0.582073713906626],
        "S-16^3"  : [4.3481000000000005, 0.5047021784650513],
        "S-64^2"  : [4.494749999999999, 0.5644773823029395],
        "S-4096^1": [7.120099999999999, 0.7435514561176898]
      },
      "samples": {
        "initScaleBar":0.0001,
        "SPRT"      : [75137.0, 215.3161689970798],
        "GLRT"      : [75713.5, 222.7765874025743],
        "Antithetic": [34566.8, 410.317268772144],

        "S-1^1"   : [34693.049999999996, 1851.6696654285888],
        "S-2^1"   : [34290.200000000004, 292.7885495316408],

        "S-2^4"   : [32203.2, 1717.9211329241423],
        "S-4^2"   : [31859.2, 291.50752991989765],
        "S-16^1"  : [24625.600000000002, 1311.172987101726],

        "S-2^8"   : [32051.200000000004, 1897.783606986679],
        "S-4^4"   : [30246.400000000005, 1922.6726661219875],
        "S-16^2"  : [22259.2, 2193.2079959922203],
        "S-256^1" : [17664.0, 1740.1460071832446],

        "S-2^12"  : [27443.199999999993, 3920.870811976662],
        "S-4^6"   : [24166.399999999998, 3662.368453107332],
        "S-16^3"  : [19456.0, 2801.3860028282616],
        "S-64^2"  : [18022.4, 2762.1039486518057],
        "S-4096^1": [15974.4, 2466.566100557829]
      }
    },
    {
      "params": {
        "N": "4",
        "K": "8"
      },
      "size" : {
        "States":      "4294967296",
        "Transitions": "68719476737"
      },
      "times": {
        "initScaleBar":0.01,
        "MTBDD"   : "Terminated After 30 Minutes",
        "Sparse"  : "Too Many States (> 2^31 - 1)",
        "Hybrid"  : "Too Many States (> 2^31 - 1)",
        "Explicit": "Out Of Memory Error",
        "SPRT"      : [39.54065000000001, 0.4893552539875942],
        "GLRT"      : [41.43750000000001, 0.5510012775799502],
        "Antithetic": [41.670350000000006, 0.55000744624146],

        "S-1^1"   : [46.551199999999994, 0.5049426939866803],
        "S-2^1"   : [43.25479999999999, 0.4419800519432855],

        "S-2^4"   : [39.48375000000001, 0.2891954436108278],
        "S-4^2"   : [35.22465, 0.30518309668132004],
        "S-16^1"  : [29.934199999999997, 0.30681099616607777],

        "S-2^8"   : [36.97955, 1.9998826419186124],
        "S-4^4"   : [35.88824999999999, 0.5611128832625017],
        "S-16^2"  : [24.8612, 2.386479695018762],
        "S-256^1" : [30.48285, 0.47612790339858985],

        "S-2^12"  : [34.465, 3.8118996051837466],
        "S-4^6"   : [37.6934, 3.3968432190398254],
        "S-16^3"  : [24.6536, 2.9133090007213807],
        "S-64^2"  : [23.981600000000004, 3.1384256733860085],
        "S-4096^1": [31.161550000000005, 4.314421005537859]
      },
      "samples": {
        "initScaleBar":0.0001,
        "SPRT"      : [228037.05, 2014.3884451026715],
        "GLRT"      : [233427.15, 2178.4672028926548],
        "Antithetic": [238286.80000000002, 1804.9663498831553],

        "S-1^1"   : [270034.00000000006, 1971.2519131920085],
        "S-2^1"   : [242908.5, 1721.5047877396457],

        "S-2^4"   : [231895.20000000004, 1488.8054300079164],
        "S-4^2"   : [201962.4, 1825.382034130477],
        "S-16^1"  : [163220.0, 900.2028309453956],

        "S-2^8"   : [211622.40000000002, 11502.894809660098],
        "S-4^4"   : [198195.19999999998, 2921.778284754536],
        "S-16^2"  : [132889.6, 12876.462483805171],
        "S-256^1" : [146304.0, 1830.0442790156458],

        "S-2^12"  : [179404.8, 20895.305722326095],
        "S-4^6"   : [177971.2, 16567.494570551793],
        "S-16^3"  : [111001.59999999999, 13639.709132259077],
        "S-64^2"  : [102400.0, 14170.2782322348],
        "S-4096^1": [110591.99999999999, 16467.324957081073]
      }
    },
    {
      "params": {
        "N": "5",
        "K": "7"
      },
      "size" : {
        "States":      "34359738368",
        "Transitions": "601295421441"
      },
      "times": {
        "initScaleBar":0.01,
        "MTBDD"   : "Terminated After 30 Minutes",
        "Sparse"  : "Too Many States (> 2^31 - 1)",
        "Hybrid"  : "Too Many States (> 2^31 - 1)",
        "Explicit": "Out Of Memory Error",
        "SPRT"      : [27.200199999999995, 0.31148884917103337],
        "GLRT"      : [25.916, 0.27614895865894745],
        "Antithetic": [19.627799999999993, 0.26330922985401717],

        "S-1^1"   : [19.612299999999998, 0.37868806146317413],
        "S-2^1"   : [18.252149999999997, 0.3144796644333386],

        "S-2^4"   : [14.5699, 0.18537232661237285],
        "S-4^2"   : [13.81095, 0.0815523233719826],
        "S-16^1"  : [11.954099999999999, 0.1658374902062099],

        "S-2^8"   : [14.0439, 0.7460418673873046],
        "S-4^4"   : [14.136099999999999, 0.2796964228362036],
        "S-16^2"  : [10.56905, 0.8423001167698638],
        "S-256^1" : [11.4484, 0.6410901012297232],

        "S-2^12"  : [12.44385, 1.876588718189695],
        "S-4^6"   : [13.987100000000002, 1.7016336313270133],
        "S-16^3"  : [8.512099999999998, 1.272770595569904],
        "S-64^2"  : [12.239400000000002, 1.2660824750719086],
        "S-4096^1": [12.277199999999999, 2.0153805721318037]
      },
      "samples": {
        "initScaleBar":0.0001,
        "SPRT"      : [110665.0, 599.4873248297905],
        "GLRT"      : [111252.00000000001, 596.5666680880549],
        "Antithetic": [68130.09999999999, 611.8279165530814],

        "S-1^1"   : [72124.74999999999, 619.1604072196646],
        "S-2^1"   : [68127.90000000002, 461.6944187617918],

        "S-2^4"   : [65948.8, 672.4906479490605],
        "S-4^2"   : [61476.799999999996, 351.2222987765652],
        "S-16^1"  : [46095.200000000004, 357.77741978115847],

        "S-2^8"   : [61875.2, 3362.3413596699797],
        "S-4^4"   : [59839.99999999999, 1051.4017910940565],
        "S-16^2"  : [42265.600000000006, 3440.2648417022538],
        "S-256^1" : [38694.4, 2251.0136458236343],

        "S-2^12"  : [44646.399999999994, 7380.5806897489265],
        "S-4^6"   : [49561.600000000006, 6683.677515292089],
        "S-16^3"  : [24575.999999999996, 4800.687108715738],
        "S-64^2"  : [35430.4, 4044.74883378697],