{
  "types": [
    "times",
    "samples"
  ],
  "description": "The system comprises an input processor (I) which reads and processes data from three sensors (S1, S2, S3). It is then polled by a main processor (M) which, in turn, passes instructions to an output processor (O). This process occurs cyclically, with the length of the cycle controlled by a timer in the main processor. The output processor takes the instructions it receives and uses them to control two actuators (A1, A2). Finally, a bus connects the three processors together. A concrete example of such a system might be a gas boiler, where the sensors are thermostats and the actuators are valves.<p/>For all of these examples, we set &#x3B1;=&#x3B2;=&#x3B4;=0.0001. What you see here is the average of 20 runs with 95% confidence interval. All experiments were run on Ubuntu 18.04 with i7-8700 CPU 3.2GHz and 16GB memory.",
  "results": [
    {
      "params": {
        "MAX_COUNT": "1000"
      },
      "size" : {
        "States":      "846788",
        "Transitions": "3574505"
      },
      "times": {
        "initScaleBar":0.01,
        "MTBDD"   : 5.339,
        "Sparse"  : 4.633,
        "Hybrid"  : 6.862,
        "Explicit": 30.508,
        "SPRT"      : [49.60395000000001, 1.6698966300737228],
        "GLRT"      : [53.85170000000001, 0.7483391684608203],
        "Antithetic": [46.20585, 0.7025901226139869],

        "S-1^1"   : [41.34524999999999, 0.5807575491726753],
        "S-2^1"   : [45.7281, 0.717923331561247],

        "S-2^4"   : [49.76945, 0.7411253160424001],
        "S-4^2"   : [49.29295, 0.7457283104632112],
        "S-16^1"  : [49.0247, 1.061473496954513],

        "S-2^8"   : [60.077200000000005, 1.0286885841487183],
        "S-4^4"   : [41.2244, 0.5834126164667947],
        "S-16^2"  : [41.05379999999999, 0.7278862461734124],
        "S-256^1" : [31.1019, 0.6940282752468414],

        "S-2^12"  : [47.48349999999999, 3.0214293789703683],
        "S-4^6"   : [55.623599999999996, 4.68701147539947],
        "S-16^3"  : [61.82340000000001, 2.8377379412408565],
        "S-64^2"  : [50.46535, 4.899038528804455],
        "S-4096^1": [14.3238, 1.0557470954133306]
      },
      "samples": {
        "initScaleBar":0.0001,
        "SPRT"      : [206798.00000000003, 1606.3236712574792],
        "GLRT"      : [206862.5, 1348.755620445828],
        "Antithetic": [166348.7, 1592.253783494525],

        "S-1^1"   : [170987.2, 1503.5804138963217],
        "S-2^1"   : [169066.80000000002, 1624.1954471449299],

        "S-2^4"   : [166049.6, 1505.099665173461],
        "S-4^2"   : [167433.59999999998, 1772.1108293724028],
        "S-16^1"  : [166175.20000000004, 1354.3642859095796],

        "S-2^8"   : [167231.99999999997, 1962.0600130314172],
        "S-4^4"   : [164326.4, 2077.4223380252542],
        "S-16^2"  : [162380.80000000002, 2877.5572330491855],
        "S-256^1" : [116096.0, 2552.544934394939],

        "S-2^12"  : [157696.0, 10127.278530884065],
        "S-4^6"   : [146841.6, 12133.518777684445],
        "S-16^3"  : [159744.00000000003, 7187.222346124515],
        "S-64^2"  : [125542.4, 12104.373954636574],
        "S-4096^1": [27238.4, 2307.022111545075]
      }
    },
    {
      "params": {
        "MAX_COUNT": "10000"
      },
      "size" : {
        "States":      "8451788",
        "Transitions": "35677505"
      },
      "times": {
        "initScaleBar":0.01,
        "MTBDD"   : 23.077,
        "Sparse"  : 56.281,
        "Hybrid"  : 78.885,
        "Explicit": "Out Of Memory Error",
        "SPRT"      : [50.58165, 0.7418253421725854],
        "GLRT"      : [50.469750000000005, 1.0298637873013774],
        "Antithetic": [43.447950000000006, 0.7298960217044621],

        "S-1^1"   : [35.68275, 1.6759689921057603],
        "S-2^1"   : [32.308499999999995, 0.3021807623888305],

        "S-2^4"   : [37.6367, 0.3714102222043636],
        "S-4^2"   : [35.04115000000001, 0.43827094044305814],
        "S-16^1"  : [35.68105, 0.45634192210273766],

        "S-2^8"   : [43.2893, 0.6849952635256917],
        "S-4^4"   : [41.71630000000001, 0.5044302314701733],
        "S-16^2"  : [40.48265000000001, 0.6209463544716072],
        "S-256^1" : [52.22457894736842, 12.030086603621907],

        "S-2^12"  : [67.6049, 4.9103973705104345],
        "S-4^6"   : [60.279149999999994, 3.7652073363438956],
        "S-16^3"  : [55.37265000000001, 4.3723102127118345],
        "S-64^2"  : [56.978300000000004, 3.6738428554909777],
        "S-4096^1": [8.8888, 0.6472989531405425]
      },
      "samples": {
        "initScaleBar":0.0001,
        "SPRT"      : [205570.0, 967.0097969350776],
        "GLRT"      : [204963.49999999997, 1373.1134186680708],
        "Antithetic": [166010.70000000004, 1522.2267849229452],

        "S-1^1"   : [168084.95, 1549.868007070959],
        "S-2^1"   : [167407.59999999998, 1191.9507990552363],

        "S-2^4"   : [169513.60000000003, 1604.8484014320316],
        "S-4^2"   : [163863.2, 1691.862868649758],
        "S-16^1"  : [163814.4, 1334.3278031712402],

        "S-2^8"   : [166976.0, 2016.8472739193205],
        "S-4^4"   : [167372.8, 1867.8307508134167],
        "S-16^2"  : [161958.4, 2367.9563011615164],
        "S-256^1" : [112464.84210526316, 2510.0950947713754],

        "S-2^12"  : [161382.40000000002, 12173.932317693798],
        "S-4^6"   : [154009.59999999998, 10008.43692260106],
        "S-16^3"  : [139673.6, 11244.482995861148],
        "S-64^2"  : [145408.0, 9069.316896460341],
        "S-4096^1": [20684.800000000003, 1693.3928720020551]
      }
    },
    {
      "params": {
        "MAX_COUNT": "100000"
      },
      "size" : {
        "States":      "84501788",
        "Transitions": "356707505"
      },
      "times": {
        "initScaleBar":0.01,
        "MTBDD"   : 1316.945,
        "Sparse"  : "Terminated After 30 Minutes",
        "Hybrid"  : 1795.811,
        "Explicit": "Out Of Memory Error",
        "SPRT"      : [37.078, 0.3160924914607982],
        "GLRT"      : [38.40889999999999, 0.3867553211282974],
        "Antithetic": [37.788199999999996, 1.7092347696834207],

        "S-1^1"   : [42.22569999999999, 0.7425934359073142],
        "S-2^1"   : [46.300799999999995, 0.6128787318874752],

        "S-2^4"   : [52.38439999999999, 0.9183539462137218],
        "S-4^2"   : [49.33254999999999, 1.0106093275971264],
        "S-16^1"  : [50.392450000000004, 0.7864110866695884],

        "S-2^8"   : [44.893100000000004, 1.3106156626803902],
        "S-4^4"   : [42.36025000000001, 0.6680792533942285],
        "S-16^2"  : [43.20715, 0.6782862665144453],
        "S-256^1" : [31.377149999999997, 0.6097239939643097],

        "S-2^12"  : [55.0172, 4.2930841481571145],
        "S-4^6"   : [56.3067, 4.826577510922969],
        "S-16^3"  : [55.81515, 3.9483335553883068],
        "S-64^2"  : [52.6213, 3.218115670535689],
        "S-4096^1": [13.44615, 1.168999534633647]
      },
      "samples": {
        "initScaleBar":0.0001,
        "SPRT"      : [206794.50000000003, 1150.4763029650853],
        "GLRT"      : [207725.0, 1284.00420150157],
        "Antithetic": [169792.90000000002, 1534.794122830057],

        "S-1^1"   : [167991.85000000003, 1317.0774410253546],
        "S-2^1"   : [167898.59999999998, 1358.9280845384617],

        "S-2^4"   : [167936.0, 1319.7593401031388],
        "S-4^2"   : [168197.59999999998, 1609.8527268372288],
        "S-16^1"  : [166446.4, 1425.8688623543123],

        "S-2^8"   : [165683.2, 3085.086512136803],
        "S-4^4"   : [168972.8, 2325.344870404343],
        "S-16^2"  : [169817.6, 2019.1889231491987],
        "S-256^1" : [114534.40000000001, 2152.6444427359816],

        "S-2^12"  : [156467.2, 11437.961546764489],
        "S-4^6"   : [142745.6, 12438.965976318128],
        "S-16^3"  : [146227.2, 10548.377246512226],
        "S-64^2"  : [131891.19999999998, 8413.215276731697],