{
  "types": [
    "times",
    "samples"
  ],
  "description": "The system comprises an input processor (I) which reads and processes data from three sensors (S1, S2, S3). It is then polled by a main processor (M) which, in turn, passes instructions to an output processor (O). This process occurs cyclically, with the length of the cycle controlled by a timer in the main processor. The output processor takes the instructions it receives and uses them to control two actuators (A1, A2). Finally, a bus connects the three processors together. A concrete example of such a system might be a gas boiler, where the sensors are thermostats and the actuators are valves.<p/>On all of these examples, we set &#x3B1;=&#x3B2;=&#x3B4;=0.0001. What you see here is the average of 20 runs with 95% confidence interval. All experiments were run on Ubuntu 18.04 with i7-8700 CPU 3.2GHz and 16GB memory.",
  "results": [
    {
      "params": {
        "MAX_COUNT": "1000"
      },
      "size" : {
        "States":      "846788",
        "Transitions": "3574505"
      },
      "times": {
        "initScaleBar":0.01,
        "MTBDD"   : 4.812,
        "Sparse"  : 4.523,
        "Hybrid"  : 6.581,
        "Explicit": 27.870,
        "SPRT"      : [36.639950000000006, 0.38014695548321553],
        "GLRT"      : [37.4792, 0.2854753616431075],
        "Antithetic": [30.542250000000003, 0.33928348552888865],

        "S-1^1"   : [27.326449999999998, 0.33788793279958806],
        "S-2^1"   : [29.89085, 0.3023055031534195],

        "S-2^4"   : [34.01745, 0.38741693490007456],
        "S-4^2"   : [31.98425, 0.39761412049346234],
        "S-16^1"  : [29.24045, 0.39324177961763157],

        "S-2^8"   : [40.667849999999994, 0.8156450120351959],
        "S-4^4"   : [38.189299999999996, 0.5791225717910629],
        "S-16^2"  : [33.88844999999999, 0.5380303135414154],
        "S-256^1" : [20.7327, 0.4162115675319086],

        "S-2^12"  : [41.651700000000005, 3.985116431040299],
        "S-4^6"   : [41.676350000000006, 3.1570277396335613],
        "S-16^3"  : [35.90379999999999, 2.8335136107146663],
        "S-64^2"  : [30.950050000000005, 2.8991342514211302],
        "S-4096^1": [8.118300000000001, 0.4676239891869941]
      },
      "samples": {
        "initScaleBar":0.0001,
        "SPRT"      : [204191.50000000003, 1344.2236019744869],
        "GLRT"      : [206709.49999999997, 1434.232469412052],
        "Antithetic": [166851.80000000002, 1744.5247031784909],

        "S-1^1"   : [168085.9, 1490.6205735231636],
        "S-2^1"   : [162996.1, 1478.14970023871],

        "S-2^4"   : [161799.2, 1618.6564825252615],
        "S-4^2"   : [154002.4, 1478.1178473066054],
        "S-16^1"  : [139203.99999999997, 1431.5174135382194],

        "S-2^8"   : [160217.6, 2524.1976467780805],
        "S-4^4"   : [154188.80000000002, 2272.3515221021585],
        "S-16^2"  : [135539.19999999998, 1860.046985258282],
        "S-256^1" : [80153.6, 1552.7396609660104],

        "S-2^12"  : [139878.4, 13676.479468204181],
        "S-4^6"   : [148889.60000000003, 11328.099339439541],
        "S-16^3"  : [127180.79999999999, 10183.686841838351],
        "S-64^2"  : [106086.4, 10348.934673471927],
        "S-4096^1": [20889.600000000006, 1358.489514129572]
      }
    },
    {
      "params": {
        "MAX_COUNT": "10000"
      },
      "size" : {
        "States":      "8451788",
        "Transitions": "35677505"
      },
      "times": {
        "initScaleBar":0.01,
        "MTBDD"   : 17.489,
        "Sparse"  : 48.460,
        "Hybrid"  : 69.391,
        "Explicit": "Out Of Memory Error",
        "SPRT"      : [37.1553, 0.43355138164503143],
        "GLRT"      : [37.62955000000001, 0.3788144211324256],
        "Antithetic": [31.222200000000004, 0.363215599305629],

        "S-1^1"   : [27.41325, 0.29775684953896264],
        "S-2^1"   : [29.55815, 0.332882674724262],

        "S-2^4"   : [34.719300000000004, 0.3086429217686593],
        "S-4^2"   : [32.53215, 0.3572298115911854],
        "S-16^1"  : [29.051949999999994, 0.21446806258373532],

        "S-2^8"   : [41.23245, 0.7981135438117746],
        "S-4^4"   : [36.357000000000006, 0.5305518031158444],
        "S-16^2"  : [33.82985000000001, 0.4543890477449099],
        "S-256^1" : [20.507349999999995, 0.5047506694294459],

        "S-2^12"  : [44.853649999999995, 2.9080148865497124],
        "S-4^6"   : [35.7789, 3.5813994860139595],
        "S-16^3"  : [38.11015, 2.1247808336205063],
        "S-64^2"  : [30.328049999999998, 2.8096054897019185],
        "S-4096^1": [7.6611, 0.4152005659919071]
      },
      "samples": {
        "initScaleBar":0.0001,
        "SPRT"      : [207126.5, 1380.40163396478],
        "GLRT"      : [206350.99999999997, 1298.1562836739288],
        "Antithetic": [168623.2, 1596.7972444865998],

        "S-1^1"   : [167362.59999999995, 1527.0749376710899],
        "S-2^1"   : [160753.8, 1666.8665901846157],

        "S-2^4"   : [162724.80000000002, 1426.3012038873583],
        "S-4^2"   : [156110.40000000002, 1405.2546920304812],
        "S-16^1"  : [137265.59999999998, 1037.9710735245399],

        "S-2^8"   : [163788.79999999996, 2882.856501531262],
        "S-4^4"   : [149875.19999999998, 2015.187672597635],
        "S-16^2"  : [137036.8, 1782.3596329171712],
        "S-256^1" : [79679.99999999997, 1967.4145470642443],

        "S-2^12"  : [150528.00000000003, 9623.765110665532],
        "S-4^6"   : [127590.40000000002, 13038.557099375843],
        "S-16^3"  : [134348.80000000002, 7649.0740139953505],
        "S-64^2"  : [104038.40000000001, 9816.917069501691],
        "S-4096^1": [19046.399999999998, 1161.3784332693447]
      }
    },
    {
      "params": {
        "MAX_COUNT": "100000"
      },
      "size" : {
        "States":      "84501788",
        "Transitions": "356707505"
      },
      "times": {
        "initScaleBar":0.01,
        "MTBDD"   : 1180.941,
        "Sparse"  : 1570.159,
        "Hybrid"  : 1793.806,
        "Explicit": "Out Of Memory Error",
        "SPRT"      : [37.05075, 0.43218132083530336],
        "GLRT"      : [37.3087, 0.40701086303878775],
        "Antithetic": [31.087799999999994, 0.3913846781822063],

        "S-1^1"   : [27.3546, 0.20794481049193392],
        "S-2^1"   : [30.320149999999998, 0.36588387771762254],

        "S-2^4"   : [34.1367, 0.3818491717943094],
        "S-4^2"   : [31.67155, 0.30805621902332603],
        "S-16^1"  : [28.816350000000003, 0.4148938372453979],

        "S-2^8"   : [41.69134999999999, 0.7230578461062358],
        "S-4^4"   : [37.639700000000005, 0.4855384157385436],
        "S-16^2"  : [33.92914999999999, 0.6529347322705867],
        "S-256^1" : [21.406299999999995, 0.4758099028858169],

        "S-2^12"  : [44.93015, 3.2604963226276493],
        "S-4^6"   : [41.262499999999996, 3.3575898847552135],
        "S-16^3"  : [37.9681, 2.585264888087669],
        "S-64^2"  : [33.45484999999999, 3.121286070360472],
        "S-4096^1": [8.475800000000001, 0.5814746616192861]
      },
      "samples": {
        "initScaleBar":0.0001,
        "SPRT"      : [205567.00000000003, 1555.2530679163315],
        "GLRT"      : [206675.5, 1629.1309396181305],
        "Antithetic": [168767.80000000002, 1474.4738929708567],

        "S-1^1"   : [167707.00000000006, 1271.8604628032524],
        "S-2^1"   : [164475.20000000004, 1490.205739239773],

        "S-2^4"   : [161216.8, 1565.6203102251438],
        "S-4^2"   : [151196.80000000002, 1351.2708591310777],
        "S-16^1"  : [137586.4, 1505.0949094046498],

        "S-2^8"   : [165158.4, 2517.4929952340744],
        "S-4^4"   : [152512.00000000003, 1997.9462297174327],
        "S-16^2"  : [136716.80000000002, 2398.3650852414576],
        "S-256^1" : [81587.2, 1834.6186203419131],

        "S-2^12"  : [151756.8, 11084.621075497727],
        "S-4^6"   : [147865.59999999998, 12233.625661825861],
        "S-16^3"  : [134144.0, 9349.175783542576],
        "S-64^2"  : [115302.4, 10979.769332827775],