{
  "types": [
    "times",
    "samples"
  ],
  "description": "This case study is based on a simple tandem queueing network. The model is represented as a CTMC, which consists of an M/Cox2/1-queue sequentially composed with an M/M/1-queue. We use c to denote the capacity of the queues.<p/>For all of these examples, we set &#x3B1;=&#x3B2;=0.0001 and &#x3B4;=0.0004. What you see here is the average of 20 runs with a 95% confidence interval. All experiments were run on macOS Mojave with i7 CPU 3.5GHz and 32GB memory.",
  "results": [
    {
      "params": {
        "c": "511"
      },
      "size" : {
        "States":      "523776",
        "Transitions": "1829379"
      },
      "times": {
        "initScaleBar":0.01,
        "MTBDD"   : 11.867,
        "Sparse"  : 7.181,
        "Hybrid"  : 9.403,
        "Explicit": 32.954,
        "SPRT"      : [30.86625, 0.5394378061561187],
        "GLRT"      : [32.00285, 0.782788508357008],
        "Antithetic": [23.3887, 0.42826893972928043],

        "S-1^1"   : [34.5641, 0.5110555222694548],
        "S-2^1"   : [23.717000000000002, 0.3520634063705901],

        "S-2^4"   : [21.764150000000004, 0.3969895018829382],
        "S-4^2"   : [18.692500000000006, 0.33472881796903553],
        "S-16^1"  : [17.162250000000004, 0.3147266138212153],

        "S-2^8"   : [22.0356, 1.8337198121506144],
        "S-4^4"   : [14.773550000000002, 1.8678489830691964],
        "S-16^2"  : [18.08265, 1.2336278980799082],
        "S-256^1" : [16.842000000000002, 1.279222403608824],

        "S-2^12"  : [19.50415, 2.5764054542337202],
        "S-4^6"   : [19.416649999999997, 2.3067973495679426],
        "S-16^3"  : [16.238850000000003, 1.9814719333111936],
        "S-64^2"  : [13.266100000000002, 1.58443668206517],
        "S-4096^1": [21.8704, 2.438103011942298]
      },
      "samples": {
        "initScaleBar":0.0001,
        "SPRT"      : [54443.049999999996, 524.7276560524666],
        "GLRT"      : [54310.19999999999, 432.2655409522453],
        "Antithetic": [31087.2, 292.07426597032696],

        "S-1^1"   : [56018.950000000004, 542.7575860702843],
        "S-2^1"   : [37760.700000000004, 340.8467559661258],

        "S-2^4"   : [38170.399999999994, 527.019536240306],
        "S-4^2"   : [29057.600000000002, 332.61026980378625],
        "S-16^1"  : [22722.4, 245.57256832917932],

        "S-2^8"   : [34073.6, 2828.764943817075],
        "S-4^4"   : [21888.000000000004, 2966.7587133364746],
        "S-16^2"  : [20851.2, 1279.390170519163],
        "S-256^1" : [19788.8, 1612.37220725763],

        "S-2^12"  : [28672.0, 4191.888146358267],
        "S-4^6"   : [24985.6, 3199.078267251365],
        "S-16^3"  : [18432.0, 2404.9375175163896],
        "S-64^2"  : [14131.2, 1890.49954077863],
        "S-4096^1": [20684.8, 2440.9258916282265]
      }
    },
    {
      "params": {
        "c": "1023"
      },
      "size" : {
        "States":      "2096128",
        "Transitions": "7328771"
      },
      "times": {
        "initScaleBar":0.01,
        "MTBDD"   : 96.481,
        "Sparse"  : 29.064,
        "Hybrid"  : 45.131,
        "Explicit": "Out Of Memory Error",
        "SPRT"      : [58.496500000000005, 1.2635460741812887],
        "GLRT"      : [59.74065, 0.8943165054798463],
        "Antithetic": [40.680899999999994, 0.6093178061958872],

        "S-1^1"   : [89.02350000000001, 1.9050037056187172],
        "S-2^1"   : [62.534899999999986, 1.5429325835461563],

        "S-2^4"   : [51.99645, 0.7599276159262593],
        "S-4^2"   : [46.1467, 1.1478868917780134],
        "S-16^1"  : [40.31395, 0.5736129424648279],

        "S-2^8"   : [53.120599999999996, 3.356833650143665],
        "S-4^4"   : [36.98439999999999, 4.216118569440256],
        "S-16^2"  : [37.290200000000006, 3.8243779202429904],
        "S-256^1" : [34.92825, 3.5305959828446745],

        "S-2^12"  : [47.938550000000006, 7.932644800700391],
        "S-4^6"   : [34.70355, 4.568047330427555],
        "S-16^3"  : [32.048249999999996, 4.040892699623243],
        "S-64^2"  : [27.597799999999996, 3.6835420357956656],
        "S-4096^1": [25.81005, 2.807821931183821]
      },
      "samples": {
        "initScaleBar":0.0001,
        "SPRT"      : [54876.6, 508.9249060519634],
        "GLRT"      : [55451.30000000001, 569.4012788146766],
        "Antithetic": [30952.1, 252.70225771178156],

        "S-1^1"   : [55536.95000000001, 407.4323739494748],
        "S-2^1"   : [38211.899999999994, 385.1995101652896],

        "S-2^4"   : [39461.6, 493.1958423865396],
        "S-4^2"   : [29784.800000000003, 336.3496426417949],
        "S-16^1"  : [22936.799999999996, 261.4330708351868],

        "S-2^8"   : [36249.59999999999, 2204.183551436008],
        "S-4^4"   : [24025.600000000002, 2847.38264154441],
        "S-16^2"  : [19699.199999999997, 2001.1030558169662],
        "S-256^1" : [16883.2, 1754.1113353610442],

        "S-2^12"  : [28467.2, 4932.013348682153],
        "S-4^6"   : [22528.0, 3066.6057903950114],
        "S-16^3"  : [19046.399999999998, 2560.969921523361],
        "S-64^2"  : [15974.4, 2261.113845687097],
        "S-4096^1": [11673.6, 1338.0230003530148]
      }
    },
    {
      "params": {
        "c": "2047"
      },
      "size" : {
        "States":      "8386560",
        "Transitions": "29337603"
      },
      "times": {
        "initScaleBar":0.01,
        "MTBDD"   : 463.892,
        "Sparse"  : 202.190,
        "Hybrid"  : 347.459,
        "Explicit": "Out Of Memory Error",
        "SPRT"      : [133.87580000000003, 1.4217771248095061],
        "GLRT"      : [132.68075, 1.603762721777495],
        "Antithetic": [85.08749999999999, 0.7847312429642461],

        "S-1^1"   : [151.21395, 1.596606871618685],
        "S-2^1"   : [115.25540000000001, 1.6152247267469428],

        "S-2^4"   : [108.8417, 1.4155388988687407],
        "S-4^2"   : [87.34985, 1.428569572159508],
        "S-16^1"  : [72.66010000000001, 1.1692099692122297],

        "S-2^8"   : [98.3957, 9.680053002818138],
        "S-4^4"   : [65.14760000000001, 8.657151646988018],
        "S-16^2"  : [70.70624999999998, 4.349304257655229],
        "S-256^1" : [69.73025000000001, 4.661054564928074],

        "S-2^12"  : [65.30765, 9.519112765841983],
        "S-4^6"   : [63.00964999999999, 10.1370280439883],
        "S-16^3"  : [61.81280000000001, 8.992232295182678],
        "S-64^2"  : [44.540200000000006, 5.852369481716471],
        "S-4096^1": [64.61765, 8.808780833342855]
      },
      "samples": {
        "initScaleBar":0.0001,
        "SPRT"      : [55923.05000000001, 450.90000919214236],
        "GLRT"      : [55388.700000000004, 620.3947177317625],
        "Antithetic": [31525.699999999997, 241.80632854893574],

        "S-1^1"   : [55717.65000000001, 515.3198305549264],
        "S-2^1"   : [38049.899999999994, 391.56609914547005],

        "S-2^4"   : [39574.399999999994, 443.0727539165075],
        "S-4^2"   : [30116.0, 327.06490583916053],
        "S-16^1"  : [22396.8, 277.066376238809],

        "S-2^8"   : [32384.0, 3173.26431297489],
        "S-4^4"   : [21977.599999999995, 2947.2070403939],
        "S-16^2"  : [22182.399999999998, 1296.503294087195],
        "S-256^1" : [18982.4, 1231.4182632019752],

        "S-2^12"  : [20889.600000000002, 3100.9665915816095],
        "S-4^6"   : [18636.8, 3066.2458390127754],
        "S-16^3"  : [18022.4, 2840.901953142421],
        "S-64^2"  : [12288.000000000002, 1707.0259270993727],
        "S-4096^1": [15155.199999999997, 2144.875108129535]
      }
    },
    {
      "params": {
        "c": "4095"
      },
      "size" : {
        "States":      "33550336",
        "Transitions": "117395459"
      },
      "times": {
        "initScaleBar":0.01,
        "MTBDD"   : "Terminated After 30 Minutes",
        "Sparse"  : 1686.289,
        "Hybrid"  : "Terminated After 30 Minutes",
        "Explicit": "Out Of Memory Error",
        "SPRT"      : [299.47504999999995, 3.459819945478603],