{
  "types": [
    "times",
    "samples"
  ],
  "description": "This case study is based on the flexible manufacturing system that is presented in a paper titled 'A Decomposition Approach for Stochastic Reward Net Models', authored by G. Ciardo and K. Trivedi in 1993. The model is represented as a CTMC. We use n to denote the number of tokens in the system.<p/>On all of these examples, we set &#x3B1;=&#x3B2;=&#x3B4;=0.0001. What you see here is the average of 20 runs with 95% confidence interval. All experiments were run on MacOS Mojave with i7 CPU 3.5GHz and 32GB memory.",
  "results": [
    {
      "params": {
        "n": "7"
      },
      "size" : {
        "States":      "1639440",
        "Transitions": "13552968"
      },
      "note": "<div style='max-width:740px'>This example shows that MTBDD is not always the best choice for symbolic model checking. We even increased memory to 4 GB. But only 17 out of 202 iterations have been taken after 30 minutes.</div>",
      "times": {
        "initScaleBar":0.01,
        "MTBDD"   : "Out Of Memory Error",
        "Sparse"  : 14.537,
        "Hybrid"  : 13.317,
        "Explicit": "Out Of Memory Error",
        "SPRT"      : [20.293049999999997, 0.19521997680080108],
        "GLRT"      : [20.83115, 0.20367045460485267],
        "Antithetic": [17.006199999999996, 0.2426454593586461],

        "S-1^1"   : [20.46885, 0.19745594145476983],
        "S-2^1"   : [12.5548, 0.17622885240803376],

        "S-2^4"   : [13.224250000000001, 0.12567614761340898],
        "S-4^2"   : [9.868500000000001, 0.09312692244571669],
        "S-16^1"  : [11.039449999999999, 0.13137867076348025],

        "S-2^8"   : [15.71435, 0.8907562525446389],
        "S-4^4"   : [11.9163, 0.26925218173381815],
        "S-16^2"  : [12.182649999999999, 0.2013581030351019],
        "S-256^1" : [12.4436, 0.728656450707667],

        "S-2^12"  : [15.498350000000002, 2.4351528443059953],
        "S-4^6"   : [13.942900000000002, 1.6292585153989532],
        "S-16^3"  : [9.767100000000001, 1.3574883752531246],
        "S-64^2"  : [10.8086, 1.6991074288392838],
        "S-4096^1": [12.583450000000001, 1.5345320690428899]
      },
      "samples": {
        "initScaleBar":0.0001,
        "SPRT"      : [207950.19999999998, 1045.9083274712386],
        "GLRT"      : [209793.5, 774.9655323404965],
        "Antithetic": [149206.90000000002, 719.8105668196763],

        "S-1^1"   : [205358.59999999998, 1173.4502846419675],
        "S-2^1"   : [98149.49999999997, 384.39121724453724],

        "S-2^4"   : [99667.99999999999, 518.071728421339],
        "S-4^2"   : [81309.59999999998, 514.0711726272116],
        "S-16^1"  : [72712.8, 599.7383008226865],

        "S-2^8"   : [90905.59999999998, 4950.348014560506],
        "S-4^4"   : [77952.0, 1378.1642710122544],
        "S-16^2"  : [70886.4, 1118.0243627888758],
        "S-256^1" : [66316.8, 3724.8],

        "S-2^12"  : [61440.0, 10430.100698913393],
        "S-4^6"   : [62054.399999999994, 8177.30049601366],
        "S-16^3"  : [41164.8, 7103.653438678023],
        "S-64^2"  : [43622.4, 7704.715878637338],
        "S-4096^1": [43212.799999999996, 6250.6836045516275]
      }
    },
    {
      "params": {
        "n": "10"
      },
      "size" : {
        "States":      "25397658",
        "Transitions": "234523289"
      },
      "note": "<div style='max-width:740px'>This example also shows that MTBDD is not always the best choice for symbolic model checking. Furthermore, it shows us that stratified sampling does not always reduce number of samples.</div>",
      "times": {
        "initScaleBar":0.01,
        "MTBDD"   : "Out Of Memory Error",
        "Sparse"  : 279.287,
        "Hybrid"  : 504.638,
        "Explicit": "Out Of Memory Error",
        "SPRT"      : [43.738749999999996, 0.4107454511712754],
        "GLRT"      : [40.744099999999996, 0.687226071360723],
        "Antithetic": [30.40515, 0.27027804664826177],

        "S-1^1"   : [41.524750000000004, 0.5495840765859595],
        "S-2^1"   : [398.80949999999996, 6.99074466686979],

        "S-2^4"   : [460.99185, 7.926416838739137],
        "S-4^2"   : [503.6995500000001, 13.027331198287259],
        "S-16^1"  : [385.73904999999996, 9.90710286226769],

        "S-2^8"   : [521.21325, 29.35976195289943],
        "S-4^4"   : [665.6560999999998, 16.200497108178677],
        "S-16^2"  : [523.18645, 13.194085975297893],
        "S-256^1" : [440.93524999999994, 12.024360410362355],

        "S-2^12"  : [526.63745, 42.38202778453168],
        "S-4^6"   : [607.5502499999999, 10.359753547636315],
        "S-16^3"  : [524.105, 30.840439102359028],
        "S-64^2"  : [537.23785, 32.059755582372226],
        "S-4096^1": [590.498, 13.938345523656745]
      },
      "samples": {
        "initScaleBar":0.00001,
        "SPRT"      : [268795.6999999999, 1239.2395569354942],
        "GLRT"      : [267089.69999999995, 1350.5041029575793],
        "Antithetic": [191453.1, 1008.7398232709128],

        "S-1^1"   : [265693.5, 992.0614807454963],
        "S-2^1"   : [2650005.0000000005, 50677.89587010354],

        "S-2^4"   : [2716348.0000000005, 44982.884572971336],
        "S-4^2"   : [3292041.6000000006, 76267.80481015562],
        "S-16^1"  : [2889423.9999999995, 69288.85005828862],

        "S-2^8"   : [2519052.8, 139819.5155397731],
        "S-4^4"   : [3184947.2, 65070.18295290255],
        "S-16^2"  : [2839193.6, 72082.34843910707],
        "S-256^1" : [2736396.8, 74129.61602837077],

        "S-2^12"  : [2342092.8, 188035.68170090538],
        "S-4^6"   : [3150643.2, 53663.11261357136],
        "S-16^3"  : [2495078.4, 148831.1716818829],
        "S-64^2"  : [2571264.0, 146567.91748781787],
        "S-4096^1": [2598912.0, 56337.73347607315]
      }
    },
    {
      "params": {
        "n": "14"
      },
      "size" : {
        "States":      "403259040",
        "Transitions": "4047471180"
      },
      "times": {
        "initScaleBar":0.01,
        "MTBDD"   : "Out Of Memory Error",
        "Sparse"  : "Out Of Memory Error",
        "Hybrid"  : "Terminated After 30 Minutes",
        "Explicit": "Out Of Memory Error",
        "SPRT"      : [17.406650000000003, 0.16259852519237927],
        "GLRT"      : [16.68545, 0.13623795890781837],
        "Antithetic": [13.517750000000001, 0.20271901573879375],

        "S-1^1"   : [15.3138, 0.26696889824767783],
        "S-2^1"   : [17.570549999999997, 0.19613180953258527],

        "S-2^4"   : [17.45595, 0.24197504737602946],
        "S-4^2"   : [17.50595, 0.15759203618337148],
        "S-16^1"  : [17.2405, 0.1481911194867523],

        "S-2^8"   : [21.349100000000004, 1.2244698077127096],
        "S-4^4"   : [16.511200000000002, 1.5981006466559309],
        "S-16^2"  : [17.351599999999998, 0.9917378696537019],
        "S-256^1" : [16.9878, 0.9517489291880113],

        "S-2^12"  : [16.620700000000003, 2.09883141057113],
        "S-4^6"   : [15.540600000000001, 2.1782503775664592],
        "S-16^3"  : [9.82245, 1.4822807328306784],
        "S-64^2"  : [13.193850000000001, 2.2961688575755925],
        "S-4096^1": [15.260600000000004, 2.3595423166814635]
      },
      "samples": {
        "initScaleBar":0.0001,
        "SPRT"      : [71128.40000000001, 205.20447312247782],
        "GLRT"      : [71573.2, 168.54360048117488],
        "Antithetic": [47004.99999999999, 141.2027657400223],

        "S-1^1"   : [64078.99999999999, 193.2531473155569],
        "S-2^1"   : [72846.99999999999, 221.21899128524896],

        "S-2^4"   : [72010.4, 354.81415743426766],
        "S-4^2"   : [69019.20000000001, 396.38637185134615],
        "S-16^1"  : [64693.600000000006, 321.3220584758504],

        "S-2^8"   : [70067.19999999998, 3877.725145385874],
        "S-4^4"   : [58764.8, 5741.195221976179],
        "S-16^2"  : [61670.399999999994, 3434.6958176816765],
        "S-256^1" : [57036.799999999996, 3218.3309907956627],

        "S-2^12"  : [42393.6, 5825.111102803105],