{
  "types": [
    "times",
    "samples"
  ],
  "description": "The protocol is an extended version of the Alternating Bit Protocol. It sends a file in N chunks but allows only MAX retransmissions of each chunk. After a chunk is sent, the sender waits for an acknowledgment, before sending a new chunk. The receiver checks the incoming chunks for errors. Correct chunks are acknowledged while others are simply discarded. If the sender does not receive an acknowledgment in a timely manner, it retransmits the chunk. An alternating bit is used to detect duplication of a chunk. Real-time aspects are limited to the use of time-outs to detect loss of chunks and loss of acknowledgments.<p/>For all of these examples, we set &#x3B1;=&#x3B2;=&#x3B4;=0.001. What you see here is the average of 20 runs with a 95% confidence interval. All experiments were run on Ubuntu 18.04 with i7-8700 CPU 3.2GHz and 16GB memory.",
  "results": [
    {
      "params": {
        "Max": "15",
        "N": "4096"
      },
      "size" : {
        "States": "864274",
        "Transitions": "1179651"
      },
      "times": {
        "initScaleBar":0.01,
        "MTBDD"   : 17.242,
        "Sparse"  : 19.582,
        "Hybrid"  : 19.137,
        "Explicit":  4.737,
        "SPRT"      : [18.03555, 0.6801237908800521],
        "GLRT"      : [19.658900000000003, 0.8501984192559189],
        "Antithetic": [21.0614, 1.0420730714857713],

        "S-1^1"   : [20.484199999999998, 0.776967386025545],
        "S-2^1"   : [22.4965, 1.165760988187093],

        "S-2^4"   : [24.963949999999997, 1.3024842629112952],
        "S-4^2"   : [23.39965, 1.1125694402337796],
        "S-16^1"  : [18.625300000000003, 0.7392299019214095],

        "S-2^8"   : [25.256450000000005, 1.0889807365629858],
        "S-4^4"   : [23.52935, 1.324052209725488],
        "S-16^2"  : [20.2315, 1.144105551580751],
        "S-256^1" : [6.903099999999999, 0.46711304785210633],

        "S-2^12"  : [30.634700000000002, 2.2782688431304474],
        "S-4^6"   : [21.81575, 2.4846385270031575],
        "S-16^3"  : [21.768349999999998, 2.6674833351967977],
        "S-64^2"  : [10.39875, 1.1840525034478215],
        "S-4096^1": [7.764550000000001, 0.6248754674880596]
      },
      "samples": {
        "initScaleBar":0.0001,
        "SPRT"      : [125738.35, 4523.316998023161],
        "GLRT"      : [134935.15, 5786.655308950523],
        "Antithetic": [114032.7, 5529.7093447457455],

        "S-1^1"   : [131375.4, 5351.462858243332],
        "S-2^1"   : [122156.4, 6634.032398569001],

        "S-2^4"   : [127043.20000000001, 6704.126475380274],
        "S-4^2"   : [122150.40000000001, 5578.267532600347],
        "S-16^1"  : [95656.79999999997, 3646.698839974818],

        "S-2^8"   : [118003.19999999998, 4871.881924072593],
        "S-4^4"   : [117696.0, 6638.405896154985],
        "S-16^2"  : [102425.59999999999, 5960.455612398136],
        "S-256^1" : [30950.399999999998, 2106.1144148457493],

        "S-2^12"  : [133939.2, 10134.251440587639],
        "S-4^6"   : [102399.99999999999, 11978.703910207527],
        "S-16^3"  : [104038.4, 13069.419233744416],
        "S-64^2"  : [45875.200000000004, 5467.976310732961],
        "S-4096^1": [28672.000000000004, 2432.319092639996]
      }
    },
    {
      "params": {
        "Max": "20",
        "N": "8192"
      },
      "size" : {
        "States": "2261015",
        "Transitions": "3096579"
      },
      "times": {
        "initScaleBar":0.01,
        "MTBDD"   : 54.125,
        "Sparse"  : 57.997,
        "Hybrid"  : 57.12,
        "Explicit": 12.390,
        "SPRT"      : [20.254050000000003, 1.0190684845407645],
        "GLRT"      : [18.03895, 1.063962982822142],
        "Antithetic": [23.930199999999996, 1.1355779275213502],

        "S-1^1"   : [20.927049999999998, 1.2608067039024118],
        "S-2^1"   : [23.391699999999997, 1.2821207679794486],

        "S-2^4"   : [24.644850000000005, 1.157883921268267],
        "S-4^2"   : [23.704150000000002, 0.7900811193362229],
        "S-16^1"  : [20.855300000000003, 1.0995558555497233],

        "S-2^8"   : [29.6132, 1.5665185345048966],
        "S-4^4"   : [25.404100000000003, 1.177342538136316],
        "S-16^2"  : [20.048750000000002, 0.9281687910101606],
        "S-256^1" : [7.0142999999999995, 0.33266807465510856],

        "S-2^12"  : [27.529399999999995, 2.3292290845730594],
        "S-4^6"   : [25.57685, 2.6363551556477605],
        "S-16^3"  : [17.407700000000002, 2.1136351177657486],
        "S-64^2"  : [9.57125, 0.9915077935171582],
        "S-4096^1": [8.1021, 0.5815005312935981]
      },
      "samples": {
        "initScaleBar":0.0001,
        "SPRT"      : [141799.80000000002, 6849.127798332775],
        "GLRT"      : [123073.20000000001, 7153.472147587897],
        "Antithetic": [130138.09999999999, 6347.477624968337],

        "S-1^1"   : [132700.29999999996, 8044.992908341384],
        "S-2^1"   : [127845.3, 6946.674709641941],

        "S-2^4"   : [126487.2, 6006.888001374142],
        "S-4^2"   : [123028.0, 4002.635742134241],
        "S-16^1"  : [107737.6, 5716.871919060927],

        "S-2^8"   : [138201.60000000003, 7262.06609081523],
        "S-4^4"   : [127104.0, 6106.707876977319],
        "S-16^2"  : [101132.79999999999, 4688.9350746983955],
        "S-256^1" : [31193.600000000002, 1399.2485923372928],

        "S-2^12"  : [120217.59999999999, 10418.559400971848],
        "S-4^6"   : [121036.8, 12692.644194177981],
        "S-16^3"  : [82739.2, 10377.47881195773],
        "S-64^2"  : [41984.0, 4592.7044389072],
        "S-4096^1": [30310.399999999998, 2231.6326126615772]
      }
    },
    {
      "params": {
        "Max": "64",
        "N": "16384"
      },
      "size" : {
        "States": "13893699",
        "Transitions": "19169283"
      },
      "times": {
        "initScaleBar":0.01,
        "MTBDD"   : 211.874,
        "Sparse"  : 245.815,
        "Hybrid"  : 237.331,
        "Explicit":  "Out of Memory Error",
        "SPRT"      : [18.395300000000002, 0.8169515159871387],
        "GLRT"      : [19.22945, 0.7764008001670271],
        "Antithetic": [23.401000000000003, 1.2759500485190591],

        "S-1^1"   : [19.799699999999998, 0.5975939701485407],
        "S-2^1"   : [22.904200000000003, 0.913893597975745],

        "S-2^4"   : [24.46165, 1.1385314739772643],
        "S-4^2"   : [23.99715, 1.3228637421876588],
        "S-16^1"  : [19.95805, 0.903158301899215],

        "S-2^8"   : [28.24605, 1.6703349970889074],
        "S-4^4"   : [24.679650000000002, 1.2155296728825238],
        "S-16^2"  : [19.15875, 1.3366472114073922],
        "S-256^1" : [7.1903, 0.4227795997916646],

        "S-2^12"  : [27.65355, 2.4021970957251875],
        "S-4^6"   : [26.531100000000002, 2.119044230804365],
        "S-16^3"  : [17.889999999999997, 1.4875240962223455],
        "S-64^2"  : [8.6796, 1.0246689950777685],
        "S-4096^1": [7.8402, 0.7284464312205083]
      },
      "samples": {
        "initScaleBar":0.0001,
        "SPRT"      : [128158.75, 5563.898422147341],
        "GLRT"      : [132229.79999999996, 5225.732402760703],
        "Antithetic": [127932.49999999999, 7166.691486350332],

        "S-1^1"   : [126040.15, 4021.634022629817],
        "S-2^1"   : [124132.8, 4969.117461407323],

        "S-2^4"   : [124586.4, 5884.270475017094],
        "S-4^2"   : [125158.4, 6925.588533759956],
        "S-16^1"  : [103231.19999999998, 4669.53914642548],

        "S-2^8"   : [133107.19999999998, 7637.744244556974],
        "S-4^4"   : [123840.0, 6340.408036014551],
        "S-16^2"  : [96128.0, 6803.952386974098],
        "S-256^1" : [32678.399999999998, 2094.732087378894],

        "S-2^12"  : [121036.80000000002, 10736.616162411105],
        "S-4^6"   : [125132.8, 10252.818923696315],
        "S-16^3"  : [84787.2, 7206.2402525063035],
        "S-64^2"  : [37888.00000000001, 4668.976671380436],
        "S-4096^1": [29286.4, 2975.633797502997]
      }
    },
    {
      "params": {
        "Max": "256",