{
  "types": [
    "times",
    "samples"
  ],
  "description": "The Crowds protocol was developed to provide users with a mechanism for anonymous Web browsing. The main idea behind Crowds and similar approaches to anonymity is to hide each user's communications by routing them randomly within a group of similar users. Even if a local eavesdropper or a corrupt group member observes a message being sent by a particular user, it can never be sure whether the user is the actual sender, or is simply routing another user's message.<p/>On all of these examples, we set &#x3B1;=&#x3B2;=0.0001 and &#x3B4;=0.0004. What you see here is the average of 20 runs with 95% confidence interval. All experiments were run on Ubuntu 18.04 with i7-8700 CPU 3.2GHz and 16GB memory.",
  "results": [
    {
      "params": {
        "CrowdSize": "20",
        "TotalRuns": "6"
      },
      "size" : {
        "States":      "10633591",
        "Transitions": "38261191"
      },
      "times": {
        "initScaleBar":0.01,
        "MTBDD"   : 5.690,
        "Sparse"  : 19.021,
        "Hybrid"  : 11.904,
        "Explicit": "Out Of Memory Error",
        "SPRT"      : [6.677700000000001, 0.09158025241054395],
        "GLRT"      : [6.8351500000000005, 0.087391264016009],
        "Antithetic": [6.493150000000001, 0.10991602715853498],

        "S-1^1"   : [6.134650000000001, 0.15573674269842616],
        "S-2^1"   : [6.1219, 0.11646589516610477],

        "S-2^4"   : [6.13695, 0.13144667670119883],
        "S-4^2"   : [6.1042, 0.1503909396767043],
        "S-16^1"  : [5.758000000000001, 0.12026184152222097],

        "S-2^8"   : [6.2059999999999995, 0.36247420960887544],
        "S-4^4"   : [6.066099999999999, 0.3546723684576632],
        "S-16^2"  : [6.0657499999999995, 0.2408257163549913],
        "S-256^1" : [6.5619499999999995, 0.16083228392531015],

        "S-2^12"  : [6.835850000000001, 0.6173549702902741],
        "S-4^6"   : [6.0310500000000005, 0.5291118997905832],
        "S-16^3"  : [6.401050000000001, 0.5198573107619355],
        "S-64^2"  : [7.7396, 0.5252980026413078],
        "S-4096^1": [8.17245, 0.6138639549049765]
      },
      "samples": {
        "initScaleBar":0.0001,
        "SPRT"      : [42392.0, 472.0604555395532],
        "GLRT"      : [42274.899999999994, 403.1071354262771],
        "Antithetic": [33969.8, 469.462714174406],

        "S-1^1"   : [34496.95, 536.9039582595168],
        "S-2^1"   : [33008.100000000006, 462.6030348957269],

        "S-2^4"   : [33030.4, 476.8858983027279],
        "S-4^2"   : [32958.4, 686.3312933347324],
        "S-16^1"  : [29643.199999999997, 437.28556007788745],

        "S-2^8"   : [32345.600000000002, 1953.550514481665],
        "S-4^4"   : [31257.6, 1901.8051568803896],
        "S-16^2"  : [30412.799999999996, 1176.8968152239222],
        "S-256^1" : [29324.8, 785.8638210677201],

        "S-2^12"  : [35020.799999999996, 3207.00404017273],
        "S-4^6"   : [30105.6, 2662.4000000000005],
        "S-16^3"  : [30105.6, 2543.6717166539524],
        "S-64^2"  : [33587.2, 2294.0679492529143],
        "S-4096^1": [28467.199999999997, 2233.1159179849788]
      }
    },
    {
      "params": {
        "CrowdSize": "20",
        "TotalRuns": "11"
      },
      "size" : {
        "States":      "6983580046",
        "Transitions": "25611489346"
      },
      "times": {
        "initScaleBar":0.01,
        "MTBDD"   : 33.394,
        "Sparse"  : "Too Many States (> 2^31 - 1)",
        "Hybrid"  : "Too Many States (> 2^31 - 1)",
        "Explicit": "Out Of Memory Error",
        "SPRT"      : [14.57415, 0.3244438421522689],
        "GLRT"      : [15.159600000000001, 0.3249752654555339],
        "Antithetic": [19.098900000000004, 0.24487140448987108],

        "S-1^1"   : [17.90185, 0.3312679093470387],
        "S-2^1"   : [18.769250000000003, 0.2577994005444015],

        "S-2^4"   : [18.9117, 0.28620546631287186],
        "S-4^2"   : [18.470399999999998, 0.3250049667636675],
        "S-16^1"  : [17.732149999999997, 0.28535199200654837],

        "S-2^8"   : [20.9753, 0.4802335183067329],
        "S-4^4"   : [18.7631, 0.3789997076793762],
        "S-16^2"  : [17.9322, 0.374804374237239],
        "S-256^1" : [18.461450000000003, 0.5092378178528956],

        "S-2^12"  : [19.84375, 1.914558686094527],
        "S-4^6"   : [20.535700000000002, 1.4541323187819997],
        "S-16^3"  : [15.542850000000001, 1.682024529320795],
        "S-64^2"  : [16.62825, 1.6218928040296492],
        "S-4096^1": [20.18275, 1.812333449153619]
      },
      "samples": {
        "initScaleBar":0.0001,
        "SPRT"      : [79880.69999999998, 1591.3151431243414],
        "GLRT"      : [84191.65000000001, 1394.6784769540786],
        "Antithetic": [89964.69999999998, 1200.702393338342],

        "S-1^1"   : [89070.40000000001, 1451.0507688169325],
        "S-2^1"   : [88708.1, 1185.0568316374224],

        "S-2^4"   : [87597.59999999999, 1262.820649015112],
        "S-4^2"   : [86185.59999999999, 1428.8477625069277],
        "S-16^1"  : [81261.59999999999, 1345.9576094052109],

        "S-2^8"   : [89599.99999999999, 1865.3730655512886],
        "S-4^4"   : [85171.2, 1666.6511673665282],
        "S-16^2"  : [79513.59999999999, 1647.0089610851358],
        "S-256^1" : [78950.40000000001, 2115.0620227312475],

        "S-2^12"  : [78028.80000000002, 7590.40738439332],
        "S-4^6"   : [86425.6, 6211.180780360187],
        "S-16^3"  : [64921.59999999999, 7133.4239768630205],
        "S-64^2"  : [64716.8, 6548.208308425009],
        "S-4096^1": [69222.40000000002, 6323.890011360845]
      }
    },
    {
      "params": {
        "CrowdSize": "20",
        "TotalRuns": "16"
      },
      "size" : {
        "States":      "862908898831",
        "Transitions": "3201427974031"
      },
      "times": {
        "initScaleBar":0.01,
        "MTBDD"   : 95.315,
        "Sparse"  : "Too Many States (> 2^31 - 1)",
        "Hybrid"  : "Too Many States (> 2^31 - 1)",
        "Explicit": "Out Of Memory Error",
        "SPRT"      : [15.067999999999998, 0.26874147232492507],
        "GLRT"      : [14.885950000000001, 0.31404117627269346],
        "Antithetic": [18.578999999999994, 0.32942466593489295],

        "S-1^1"   : [17.951200000000004, 0.2950262753686436],
        "S-2^1"   : [18.822049999999997, 0.21693019099046107],

        "S-2^4"   : [18.595349999999996, 0.2499242861664098],
        "S-4^2"   : [18.614150000000002, 0.30020727291410904],
        "S-16^1"  : [17.573549999999997, 0.2641905161352117],

        "S-2^8"   : [21.14165, 0.49728764986728385],
        "S-4^4"   : [19.31835, 0.3248757517558788],
        "S-16^2"  : [17.851650000000003, 0.4229573032762724],
        "S-256^1" : [18.0289, 0.43780196736832827],

        "S-2^12"  : [19.3015, 1.6517131178519504],
        "S-4^6"   : [12.807699999999999, 1.3257378146367764],
        "S-16^3"  : [15.887699999999997, 1.506829845980243],
        "S-64^2"  : [17.107950000000002, 1.8452880013058013],
        "S-4096^1": [18.710449999999998, 1.9044164384191424]
      },
      "samples": {
        "initScaleBar":0.0001,
        "SPRT"      : [82873.94999999998, 1446.5955159306031],
        "GLRT"      : [80583.2, 1309.7445584620891],
        "Antithetic": [88531.80000000002, 1468.9054277895066],

        "S-1^1"   : [91451.25, 1493.4182476787944],
        "S-2^1"   : [88810.70000000001, 1092.333246577686],

        "S-2^4"   : [86221.60000000002, 988.5101772497414],
        "S-4^2"   : [87541.59999999999, 1297.8504138929516],
        "S-16^1"  : [81839.2, 1196.6907211578364],

        "S-2^8"   : [89971.20000000001, 2133.4974814041607],
        "S-4^4"   : [87168.0, 1622.8631748272944],
        "S-16^2"  : [79705.60000000002, 1948.157875370582],
        "S-256^1" : [75968.0, 1890.0684476605886],

        "S-2^12"  : [75980.79999999999, 6700.665680049221],
        "S-4^6"   : [53248.00000000001, 5715.891936660362],
        "S-16^3"  : [65740.80000000002, 6397.293912108051],