{
  "types": [
    "times",
    "samples"
  ],
  "description": "The case study concerns NAND multiplexing, a technique for constructing reliable computation from unreliable devices. As we move from deep submicron technology to nanotechnology for device manufacture, the need for architectures to be defect-tolerant is gaining importance. This is because, at the nanoscale, devices are prone to errors due to manufacturing defects, aging, and transient faults. Micro-architects are required to design their logic around defect tolerance through redundancy.<p/>For all of these examples, we set &#x3B1;=&#x3B2;=&#x3B4;=0.0001. What you see here is the average of 20 runs with a 95% confidence interval. All experiments were run on macOS Mojave with i7 CPU 3.5GHz and 32GB memory.",
  "results": [
    {
      "params": {
        "N": "60",
        "K": "2"
      },
      "size" : {
        "States":      "9420422",
        "Transitions": "14899892"
      },
      "times": {
        "initScaleBar":0.01,
        "MTBDD"   : 143.890,
        "Sparse"  : 14.827,
        "Hybrid"  : 30.157,
        "Explicit": "Out Of Memory Error",
        "SPRT"      : [16.4618, 0.14646362221240794],
        "GLRT"      : [16.25225, 0.15345278504100912],
        "Antithetic": [18.740199999999994, 0.3204677715958014],

        "S-1^1"   : [15.64135, 0.231142258258051],
        "S-2^1"   : [19.191, 0.3397381267047342],

        "S-2^4"   : [19.940050000000003, 0.2181655030258596],
        "S-4^2"   : [18.3189, 0.24533874433868805],
        "S-16^1"  : [15.410499999999999, 0.2934730732739242],

        "S-2^8"   : [20.626649999999998, 0.29042870558248157],
        "S-4^4"   : [17.946450000000002, 1.4085394983064812],
        "S-16^2"  : [13.173350000000001, 1.0243157440714419],
        "S-256^1" : [13.57315, 1.057461802906026],

        "S-2^12"  : [20.6131, 2.16723044083554],
        "S-4^6"   : [17.73535, 2.272185874618489],
        "S-16^3"  : [12.8427, 2.0212739248982765],
        "S-64^2"  : [11.1239, 1.803765632605417],
        "S-4096^1": [15.806499999999994, 2.3282344276296576]
      },
      "samples": {
        "initScaleBar":0.0001,
        "SPRT"      : [211899.44999999995, 954.694526716323],
        "GLRT"      : [213640.05000000002, 1101.566825445035],
        "Antithetic": [183242.40000000002, 1046.3317235893571],

        "S-1^1"   : [191836.0, 1551.8170775272658],
        "S-2^1"   : [183600.89999999997, 1038.1274891284854],

        "S-2^4"   : [183445.6, 1169.5731439065141],
        "S-4^2"   : [163447.99999999997, 1137.2337259193553],
        "S-16^1"  : [122803.99999999999, 691.2665416313362],

        "S-2^8"   : [182937.6, 2390.364489273329],
        "S-4^4"   : [149900.8, 11646.622567485978],
        "S-16^2"  : [106931.2, 8304.077525244038],
        "S-256^1" : [94195.20000000001, 7399.415701540935],

        "S-2^12"  : [145817.6, 16154.416728039361],
        "S-4^6"   : [137215.99999999997, 18412.827455479593],
        "S-16^3"  : [81920.0, 13368.676111284209],
        "S-64^2"  : [63897.59999999999, 10944.024031983463],
        "S-4096^1": [67993.6, 10707.48318120507]
      }
    },
    {
      "params": {
        "N": "90",
        "K": "5"
      },
      "size" : {
        "States":      "113384792",
        "Transitions": "180005807"
      },
      "times": {
        "initScaleBar":0.01,
        "MTBDD"   : 806.608,
        "Sparse"  : 171.885,
        "Hybrid"  : 248.174,
        "Explicit": "Out Of Memory Error",
        "SPRT"      : [15.687750000000001, 0.21824963827063532],
        "GLRT"      : [16.8275, 0.13053564748051744],
        "Antithetic": [19.84425, 0.24760027075701538],

        "S-1^1"   : [17.214000000000006, 0.22159081540913234],
        "S-2^1"   : [20.3438, 0.2617330862177204],

        "S-2^4"   : [19.543849999999996, 0.22382107838981352],
        "S-4^2"   : [18.308399999999992, 0.27436528090926693],
        "S-16^1"  : [15.4631, 0.208757538786028],

        "S-2^8"   : [21.539099999999994, 1.174037520470996],
        "S-4^4"   : [19.059549999999998, 0.3513833075372099],
        "S-16^2"  : [12.95525, 1.017550655340662],
        "S-256^1" : [12.403000000000002, 1.0112071056545813],

        "S-2^12"  : [17.908950000000004, 2.516862884911963],
        "S-4^6"   : [16.3285, 2.5960331768417677],
        "S-16^3"  : [11.61955, 1.3388039919330197],
        "S-64^2"  : [13.66135, 1.3055882950548428],
        "S-4096^1": [15.754050000000001, 2.5736177909858617]
      },
      "samples": {
        "initScaleBar":0.00001,
        "SPRT"      : [212699.0, 511.3413886920105],
        "GLRT"      : [212813.95, 1098.012010947152],
        "Antithetic": [183109.6, 1073.7991148009805],

        "S-1^1"   : [192705.15, 1131.3259972146332],
        "S-2^1"   : [183135.69999999998, 1044.631803933554],

        "S-2^4"   : [182248.00000000003, 1115.5137216358623],
        "S-4^2"   : [163407.99999999997, 767.2882666967661],
        "S-16^1"  : [122195.2, 758.3770815990791],

        "S-2^8"   : [178470.4, 9512.412679286608],
        "S-4^4"   : [159987.19999999998, 2243.277481956396],
        "S-16^2"  : [109145.6, 8531.052551337625],
        "S-256^1" : [94118.4, 7394.77135563401],

        "S-2^12"  : [132915.2, 19667.255080677147],
        "S-4^6"   : [113868.8, 19174.21741182126],
        "S-16^3"  : [82943.99999999999, 10626.670051288285],
        "S-64^2"  : [90521.6, 9485.253203179187],
        "S-4096^1": [73113.59999999999, 13621.489320845014]
      }
    },
    {
      "params": {
        "N": "120",
        "K": "8"
      },
      "size" : {
        "States":      "559215602",
        "Transitions": "889516502"
      },
      "times": {
        "initScaleBar":0.01,
        "MTBDD"   : "Terminated After 30 Minutes",
        "Sparse"  : 673.162,
        "Hybrid"  : 1068.120,
        "Explicit": "Out Of Memory Error",
        "SPRT"      : [16.3343, 0.19091713688900416],
        "GLRT"      : [16.6053, 0.15114397284151193],
        "Antithetic": [19.39405, 0.2841870536237855],

        "S-1^1"   : [14.095099999999997, 0.22061063461506816],
        "S-2^1"   : [16.835749999999997, 0.22626602734740983],

        "S-2^4"   : [17.22055, 0.27280986703679105],
        "S-4^2"   : [14.951400000000001, 0.19209402029105158],
        "S-16^1"  : [12.8714, 0.20105518226544056],

        "S-2^8"   : [17.2477, 0.9207979265718118],
        "S-4^4"   : [14.417549999999999, 1.1158133627066569],
        "S-16^2"  : [12.27605, 0.679125945512628],
        "S-256^1" : [12.550049999999997, 0.2764093500874914],

        "S-2^12"  : [19.09235, 1.6535932235032258],
        "S-4^6"   : [15.9362, 1.9330287560144952],
        "S-16^3"  : [11.817250000000001, 1.8018070036187208],
        "S-64^2"  : [12.0338, 1.8127937549249051],
        "S-4096^1": [16.52545, 2.1375004493382104]
      },
      "samples": {
        "initScaleBar":0.0001,
        "SPRT"      : [211284.75, 1284.0481173862447],
        "GLRT"      : [212657.45, 905.4330731028223],
        "Antithetic": [183900.0, 1021.141672731787],

        "S-1^1"   : [190875.55, 1090.6645909116248],
        "S-2^1"   : [184167.50000000003, 852.6527876666983],

        "S-2^4"   : [181853.60000000003, 1024.4711251742485],
        "S-4^2"   : [163861.6, 1148.8015686838728],
        "S-16^1"  : [122601.6, 861.6165174588372],

        "S-2^8"   : [168921.59999999998, 9086.932954407375],
        "S-4^4"   : [147046.40000000002, 11400.488286495729],
        "S-16^2"  : [112883.2, 6159.684541478266],
        "S-256^1" : [107366.40000000001, 1717.7420283003717],

        "S-2^12"  : [165273.60000000003, 14326.06452706689],
        "S-4^6"   : [131072.0, 17023.640360269288],
        "S-16^3"  : [85811.20000000001, 14159.291072351714],
        "S-64^2"  : [77209.59999999999, 12681.508309428546],
        "S-4096^1": [80691.20000000001, 11785.860951424625]
      }
    },
    {
      "params": {
        "N": "150",
        "K": "11"
      },
      "size" : {
        "States":      "1849234352",